DSU,Parameter Set,Stage,N,E,ipf,ssf,shuffle,Score,Score Error
Usual,0,0,1000000,4000000,0.02,0,true,1549994.382,110807.800
Usual:cross_node_read,0,0,1000000,4000000,0.02,0,true,0.000,0.000
Usual:this_node_read,0,0,1000000,4000000,0.02,0,true,0.000,0.000
Usual:cross_node_write,0,0,1000000,4000000,0.02,0,true,0.000,0.000
Usual:this_node_read_success,0,0,1000000,4000000,0.02,0,true,0.000,0.000
Usual:this_node_write,0,0,1000000,4000000,0.02,0,true,0.000,0.000
Usual:global_data_read_write,0,0,1000000,4000000,0.02,0,true,0.000,0.000
Usual:same_set_requests_true,0,0,1000000,4000000,0.02,0,true,0.000,0.000
Usual:same_set_requests_false,0,0,1000000,4000000,0.02,0,true,0.000,0.000
Usual:union_requests,0,0,1000000,4000000,0.02,0,true,4000000.000,0.000
Usual:hist_begin,0,0,1000000,4000000,0.02,0,true,0,0
Usual:hist_end,0,0,1000000,4000000,0.02,0,true,36,0
Usual,0,1,1000000,400,0.02,0.9999,true,2977074.663,354058.741
Usual:cross_node_read,0,1,1000000,400,0.02,0.9999,true,0.000,0.000
Usual:this_node_read,0,1,1000000,400,0.02,0.9999,true,0.000,0.000
Usual:cross_node_write,0,1,1000000,400,0.02,0.9999,true,0.000,0.000
Usual:this_node_read_success,0,1,1000000,400,0.02,0.9999,true,0.000,0.000
Usual:this_node_write,0,1,1000000,400,0.02,0.9999,true,0.000,0.000
Usual:global_data_read_write,0,1,1000000,400,0.02,0.9999,true,0.000,0.000
Usual:same_set_requests_true,0,1,1000000,400,0.02,0.9999,true,3996785.000,50.390
Usual:same_set_requests_false,0,1,1000000,400,0.02,0.9999,true,2808.500,32.316
Usual:union_requests,0,1,1000000,400,0.02,0.9999,true,4000000.000,0.000
Usual:hist_begin,0,1,1000000,400,0.02,0.9999,true,36,0
Usual:hist_end,0,1,1000000,400,0.02,0.9999,true,72,0
Usual,0,2,1000000,400,0.02,0.9999,true,3007777.018,360559.962
Usual:cross_node_read,0,2,1000000,400,0.02,0.9999,true,0.000,0.000
Usual:this_node_read,0,2,1000000,400,0.02,0.9999,true,0.000,0.000
Usual:cross_node_write,0,2,1000000,400,0.02,0.9999,true,0.000,0.000
Usual:this_node_read_success,0,2,1000000,400,0.02,0.9999,true,0.000,0.000
Usual:this_node_write,0,2,1000000,400,0.02,0.9999,true,0.000,0.000
Usual:global_data_read_write,0,2,1000000,400,0.02,0.9999,true,0.000,0.000
Usual:same_set_requests_true,0,2,1000000,400,0.02,0.9999,true,3996801.500,81.611
Usual:same_set_requests_false,0,2,1000000,400,0.02,0.9999,true,2792.500,89.279
Usual:union_requests,0,2,1000000,400,0.02,0.9999,true,4000000.000,0.000
Usual:hist_begin,0,2,1000000,400,0.02,0.9999,true,72,0
Usual:hist_end,0,2,1000000,400,0.02,0.9999,true,108,0
ParallelUnions/halfing,0,0,1000000,4000000,0.02,0,true,1064635.081,139933.312
ParallelUnions/halfing:cross_node_read,0,0,1000000,4000000,0.02,0,true,999782.167,28.548
ParallelUnions/halfing:this_node_read,0,0,1000000,4000000,0.02,0,true,33366884.667,3167387.949
ParallelUnions/halfing:cross_node_write,0,0,1000000,4000000,0.02,0,true,1999295.000,5.477
ParallelUnions/halfing:this_node_read_success,0,0,1000000,4000000,0.02,0,true,0.000,0.000
ParallelUnions/halfing:this_node_write,0,0,1000000,4000000,0.02,0,true,1999295.000,5.477
ParallelUnions/halfing:global_data_read_write,0,0,1000000,4000000,0.02,0,true,2000981.833,296.282
ParallelUnions/halfing:same_set_requests_true,0,0,1000000,4000000,0.02,0,true,0.000,0.000
ParallelUnions/halfing:same_set_requests_false,0,0,1000000,4000000,0.02,0,true,0.000,0.000
ParallelUnions/halfing:union_requests,0,0,1000000,4000000,0.02,0,true,4000000.000,0.000
ParallelUnions/halfing:hist_begin,0,0,1000000,4000000,0.02,0,true,108,0
ParallelUnions/halfing:hist_end,0,0,1000000,4000000,0.02,0,true,144,0
ParallelUnions/halfing,0,1,1000000,400,0.02,0.9999,true,1864740.775,401538.331
ParallelUnions/halfing:cross_node_read,0,1,1000000,400,0.02,0.9999,true,0.000,0.000
ParallelUnions/halfing:this_node_read,0,1,1000000,400,0.02,0.9999,true,37098801.000,4389302.843
ParallelUnions/halfing:cross_node_write,0,1,1000000,400,0.02,0.9999,true,0.000,0.000
ParallelUnions/halfing:this_node_read_success,0,1,1000000,400,0.02,0.9999,true,0.000,0.000
ParallelUnions/halfing:this_node_write,0,1,1000000,400,0.02,0.9999,true,0.000,0.000
ParallelUnions/halfing:global_data_read_write,0,1,1000000,400,0.02,0.9999,true,0.000,0.000
ParallelUnions/halfing:same_set_requests_true,0,1,1000000,400,0.02,0.9999,true,3996785.000,50.390
ParallelUnions/halfing:same_set_requests_false,0,1,1000000,400,0.02,0.9999,true,2808.500,32.316
ParallelUnions/halfing:union_requests,0,1,1000000,400,0.02,0.9999,true,4000000.000,0.000
ParallelUnions/halfing:hist_begin,0,1,1000000,400,0.02,0.9999,true,144,0
ParallelUnions/halfing:hist_end,0,1,1000000,400,0.02,0.9999,true,180,0
ParallelUnions/halfing,0,2,1000000,400,0.02,0.9999,true,2244325.499,296410.309
ParallelUnions/halfing:cross_node_read,0,2,1000000,400,0.02,0.9999,true,0.000,0.000
ParallelUnions/halfing:this_node_read,0,2,1000000,400,0.02,0.9999,true,5411752.167,381467.964
ParallelUnions/halfing:cross_node_write,0,2,1000000,400,0.02,0.9999,true,0.000,0.000
ParallelUnions/halfing:this_node_read_success,0,2,1000000,400,0.02,0.9999,true,0.000,0.000
ParallelUnions/halfing:this_node_write,0,2,1000000,400,0.02,0.9999,true,1085198.500,89090.979
ParallelUnions/halfing:global_data_read_write,0,2,1000000,400,0.02,0.9999,true,0.000,0.000
ParallelUnions/halfing:same_set_requests_true,0,2,1000000,400,0.02,0.9999,true,3996801.500,81.611
ParallelUnions/halfing:same_set_requests_false,0,2,1000000,400,0.02,0.9999,true,2792.500,89.279
ParallelUnions/halfing:union_requests,0,2,1000000,400,0.02,0.9999,true,4000000.000,0.000
ParallelUnions/halfing:hist_begin,0,2,1000000,400,0.02,0.9999,true,180,0
ParallelUnions/halfing:hist_end,0,2,1000000,400,0.02,0.9999,true,216,0
Adaptive2/halfing,0,0,1000000,4000000,0.02,0,true,800472.517,308569.054
Adaptive2/halfing:cross_node_read,0,0,1000000,4000000,0.02,0,true,5632343.833,1504758.937
Adaptive2/halfing:this_node_read,0,0,1000000,4000000,0.02,0,true,39735088.000,2373526.311
Adaptive2/halfing:cross_node_write,0,0,1000000,4000000,0.02,0,true,18390.167,617.763
Adaptive2/halfing:this_node_read_success,0,0,1000000,4000000,0.02,0,true,6581888.500,1250926.233
Adaptive2/halfing:this_node_write,0,0,1000000,4000000,0.02,0,true,981422.667,612.340
Adaptive2/halfing:global_data_read_write,0,0,1000000,4000000,0.02,0,true,0.000,0.000
Adaptive2/halfing:same_set_requests_true,0,0,1000000,4000000,0.02,0,true,0.000,0.000
Adaptive2/halfing:same_set_requests_false,0,0,1000000,4000000,0.02,0,true,0.000,0.000
Adaptive2/halfing:union_requests,0,0,1000000,4000000,0.02,0,true,4000000.000,0.000
Adaptive2/halfing:hist_begin,0,0,1000000,4000000,0.02,0,true,216,0
Adaptive2/halfing:hist_end,0,0,1000000,4000000,0.02,0,true,252,0
Adaptive2/halfing,0,1,1000000,400,0.02,0.9999,true,859975.997,353199.674
Adaptive2/halfing:cross_node_read,0,1,1000000,400,0.02,0.9999,true,7049269.000,2196814.121
Adaptive2/halfing:this_node_read,0,1,1000000,400,0.02,0.9999,true,41379737.667,3416244.349
Adaptive2/halfing:cross_node_write,0,1,1000000,400,0.02,0.9999,true,0.000,0.000
Adaptive2/halfing:this_node_read_success,0,1,1000000,400,0.02,0.9999,true,5750118.500,1505887.096
Adaptive2/halfing:this_node_write,0,1,1000000,400,0.02,0.9999,true,0.000,0.000
Adaptive2/halfing:global_data_read_write,0,1,1000000,400,0.02,0.9999,true,0.000,0.000
Adaptive2/halfing:same_set_requests_true,0,1,1000000,400,0.02,0.9999,true,3996785.000,50.390
Adaptive2/halfing:same_set_requests_false,0,1,1000000,400,0.02,0.9999,true,2808.500,32.316
Adaptive2/halfing:union_requests,0,1,1000000,400,0.02,0.9999,true,4000000.000,0.000
Adaptive2/halfing:hist_begin,0,1,1000000,400,0.02,0.9999,true,252,0
Adaptive2/halfing:hist_end,0,1,1000000,400,0.02,0.9999,true,288,0
Adaptive2/halfing,0,2,1000000,400,0.02,0.9999,true,1419484.602,366619.555
Adaptive2/halfing:cross_node_read,0,2,1000000,400,0.02,0.9999,true,1370817.500,792957.082
Adaptive2/halfing:this_node_read,0,2,1000000,400,0.02,0.9999,true,18003462.333,174479.086
Adaptive2/halfing:cross_node_write,0,2,1000000,400,0.02,0.9999,true,0.000,0.000
Adaptive2/halfing:this_node_read_success,0,2,1000000,400,0.02,0.9999,true,223058.000,61760.484
Adaptive2/halfing:this_node_write,0,2,1000000,400,0.02,0.9999,true,985687.833,133635.958
Adaptive2/halfing:global_data_read_write,0,2,1000000,400,0.02,0.9999,true,0.000,0.000
Adaptive2/halfing:same_set_requests_true,0,2,1000000,400,0.02,0.9999,true,3996801.500,81.611
Adaptive2/halfing:same_set_requests_false,0,2,1000000,400,0.02,0.9999,true,2792.500,89.279
Adaptive2/halfing:union_requests,0,2,1000000,400,0.02,0.9999,true,4000000.000,0.000
Adaptive2/halfing:hist_begin,0,2,1000000,400,0.02,0.9999,true,288,0
Adaptive2/halfing:hist_end,0,2,1000000,400,0.02,0.9999,true,324,0
Adaptive3/halfing,0,0,1000000,4000000,0.02,0,true,847336.129,233180.032
Adaptive3/halfing:cross_node_read,0,0,1000000,4000000,0.02,0,true,7069882.333,665409.444
Adaptive3/halfing:this_node_read,0,0,1000000,4000000,0.02,0,true,38185992.333,2374988.029
Adaptive3/halfing:cross_node_write,0,0,1000000,4000000,0.02,0,true,17261.333,83.526
Adaptive3/halfing:this_node_read_success,0,0,1000000,4000000,0.02,0,true,5962471.500,730794.185
Adaptive3/halfing:this_node_write,0,0,1000000,4000000,0.02,0,true,982556.000,91.258
Adaptive3/halfing:global_data_read_write,0,0,1000000,4000000,0.02,0,true,0.000,0.000
Adaptive3/halfing:same_set_requests_true,0,0,1000000,4000000,0.02,0,true,0.000,0.000
Adaptive3/halfing:same_set_requests_false,0,0,1000000,4000000,0.02,0,true,0.000,0.000
Adaptive3/halfing:union_requests,0,0,1000000,4000000,0.02,0,true,4000000.000,0.000
Adaptive3/halfing:hist_begin,0,0,1000000,4000000,0.02,0,true,324,0
Adaptive3/halfing:hist_end,0,0,1000000,4000000,0.02,0,true,360,0
Adaptive3/halfing,0,1,1000000,400,0.02,0.9999,true,510759.240,200003.463
Adaptive3/halfing:cross_node_read,0,1,1000000,400,0.02,0.9999,true,3112785.833,81875.673
Adaptive3/halfing:this_node_read,0,1,1000000,400,0.02,0.9999,true,32346204.167,3256343.325
Adaptive3/halfing:cross_node_write,0,1,1000000,400,0.02,0.9999,true,0.000,0.000
Adaptive3/halfing:this_node_read_success,0,1,1000000,400,0.02,0.9999,true,29229959.500,3177179.199
Adaptive3/halfing:this_node_write,0,1,1000000,400,0.02,0.9999,true,82254.167,4187.493
Adaptive3/halfing:global_data_read_write,0,1,1000000,400,0.02,0.9999,true,0.000,0.000
Adaptive3/halfing:same_set_requests_true,0,1,1000000,400,0.02,0.9999,true,3996785.000,50.390
Adaptive3/halfing:same_set_requests_false,0,1,1000000,400,0.02,0.9999,true,2808.500,32.316
Adaptive3/halfing:union_requests,0,1,1000000,400,0.02,0.9999,true,4000000.000,0.000
Adaptive3/halfing:hist_begin,0,1,1000000,400,0.02,0.9999,true,360,0
Adaptive3/halfing:hist_end,0,1,1000000,400,0.02,0.9999,true,396,0
Adaptive3/halfing,0,2,1000000,400,0.02,0.9999,true,741457.008,192929.100
Adaptive3/halfing:cross_node_read,0,2,1000000,400,0.02,0.9999,true,2452552.333,31439.594
Adaptive3/halfing:this_node_read,0,2,1000000,400,0.02,0.9999,true,15373712.500,265904.701
Adaptive3/halfing:cross_node_write,0,2,1000000,400,0.02,0.9999,true,0.000,0.000
Adaptive3/halfing:this_node_read_success,0,2,1000000,400,0.02,0.9999,true,12919178.833,234555.967
Adaptive3/halfing:this_node_write,0,2,1000000,400,0.02,0.9999,true,991843.833,92045.825
Adaptive3/halfing:global_data_read_write,0,2,1000000,400,0.02,0.9999,true,0.000,0.000
Adaptive3/halfing:same_set_requests_true,0,2,1000000,400,0.02,0.9999,true,3996801.500,81.611
Adaptive3/halfing:same_set_requests_false,0,2,1000000,400,0.02,0.9999,true,2792.500,89.279
Adaptive3/halfing:union_requests,0,2,1000000,400,0.02,0.9999,true,4000000.000,0.000
Adaptive3/halfing:hist_begin,0,2,1000000,400,0.02,0.9999,true,396,0
Adaptive3/halfing:hist_end,0,2,1000000,400,0.02,0.9999,true,432,0
ParallelUnions/squashing,0,0,1000000,4000000,0.02,0,true,1141100.060,101137.820
ParallelUnions/squashing:cross_node_read,0,0,1000000,4000000,0.02,0,true,999778.333,28.703
ParallelUnions/squashing:this_node_read,0,0,1000000,4000000,0.02,0,true,31572670.167,1325379.633
ParallelUnions/squashing:cross_node_write,0,0,1000000,4000000,0.02,0,true,1999295.000,5.477
ParallelUnions/squashing:this_node_read_success,0,0,1000000,4000000,0.02,0,true,0.000,0.000
ParallelUnions/squashing:this_node_write,0,0,1000000,4000000,0.02,0,true,1999295.000,5.477
ParallelUnions/squashing:global_data_read_write,0,0,1000000,4000000,0.02,0,true,2000692.333,187.686
ParallelUnions/squashing:same_set_requests_true,0,0,1000000,4000000,0.02,0,true,0.000,0.000
ParallelUnions/squashing:same_set_requests_false,0,0,1000000,4000000,0.02,0,true,0.000,0.000
ParallelUnions/squashing:union_requests,0,0,1000000,4000000,0.02,0,true,4000000.000,0.000
ParallelUnions/squashing:hist_begin,0,0,1000000,4000000,0.02,0,true,432,0
ParallelUnions/squashing:hist_end,0,0,1000000,4000000,0.02,0,true,468,0
ParallelUnions/squashing,0,1,1000000,400,0.02,0.9999,true,2095829.987,324808.323
ParallelUnions/squashing:cross_node_read,0,1,1000000,400,0.02,0.9999,true,0.000,0.000
ParallelUnions/squashing:this_node_read,0,1,1000000,400,0.02,0.9999,true,34518647.333,1658606.414
ParallelUnions/squashing:cross_node_write,0,1,1000000,400,0.02,0.9999,true,0.000,0.000
ParallelUnions/squashing:this_node_read_success,0,1,1000000,400,0.02,0.9999,true,0.000,0.000
ParallelUnions/squashing:this_node_write,0,1,1000000,400,0.02,0.9999,true,0.000,0.000
ParallelUnions/squashing:global_data_read_write,0,1,1000000,400,0.02,0.9999,true,0.000,0.000
ParallelUnions/squashing:same_set_requests_true,0,1,1000000,400,0.02,0.9999,true,3996785.000,50.390
ParallelUnions/squashing:same_set_requests_false,0,1,1000000,400,0.02,0.9999,true,2808.500,32.316
ParallelUnions/squashing:union_requests,0,1,1000000,400,0.02,0.9999,true,4000000.000,0.000
ParallelUnions/squashing:hist_begin,0,1,1000000,400,0.02,0.9999,true,468,0
ParallelUnions/squashing:hist_end,0,1,1000000,400,0.02,0.9999,true,504,0
ParallelUnions/squashing,0,2,1000000,400,0.02,0.9999,true,2310680.059,221666.195
ParallelUnions/squashing:cross_node_read,0,2,1000000,400,0.02,0.9999,true,0.000,0.000
ParallelUnions/squashing:this_node_read,0,2,1000000,400,0.02,0.9999,true,4750563.500,74591.473
ParallelUnions/squashing:cross_node_write,0,2,1000000,400,0.02,0.9999,true,0.000,0.000
ParallelUnions/squashing:this_node_read_success,0,2,1000000,400,0.02,0.9999,true,0.000,0.000
ParallelUnions/squashing:this_node_write,0,2,1000000,400,0.02,0.9999,true,1046117.500,19902.416
ParallelUnions/squashing:global_data_read_write,0,2,1000000,400,0.02,0.9999,true,0.000,0.000
ParallelUnions/squashing:same_set_requests_true,0,2,1000000,400,0.02,0.9999,true,3996801.500,81.611
ParallelUnions/squashing:same_set_requests_false,0,2,1000000,400,0.02,0.9999,true,2792.500,89.279
ParallelUnions/squashing:union_requests,0,2,1000000,400,0.02,0.9999,true,4000000.000,0.000
ParallelUnions/squashing:hist_begin,0,2,1000000,400,0.02,0.9999,true,504,0
ParallelUnions/squashing:hist_end,0,2,1000000,400,0.02,0.9999,true,540,0
Adaptive2/squashing,0,0,1000000,4000000,0.02,0,true,809687.852,138112.927
Adaptive2/squashing:cross_node_read,0,0,1000000,4000000,0.02,0,true,5547811.167,327645.141
Adaptive2/squashing:this_node_read,0,0,1000000,4000000,0.02,0,true,34843220.667,1539639.179
Adaptive2/squashing:cross_node_write,0,0,1000000,4000000,0.02,0,true,18079.667,294.723
Adaptive2/squashing:this_node_read_success,0,0,1000000,4000000,0.02,0,true,4856238.500,1209504.119
Adaptive2/squashing:this_node_write,0,0,1000000,4000000,0.02,0,true,981733.500,299.310
Adaptive2/squashing:global_data_read_write,0,0,1000000,4000000,0.02,0,true,0.000,0.000
Adaptive2/squashing:same_set_requests_true,0,0,1000000,4000000,0.02,0,true,0.000,0.000
Adaptive2/squashing:same_set_requests_false,0,0,1000000,4000000,0.02,0,true,0.000,0.000
Adaptive2/squashing:union_requests,0,0,1000000,4000000,0.02,0,true,4000000.000,0.000
Adaptive2/squashing:hist_begin,0,0,1000000,4000000,0.02,0,true,540,0
Adaptive2/squashing:hist_end,0,0,1000000,4000000,0.02,0,true,576,0
Adaptive2/squashing,0,1,1000000,400,0.02,0.9999,true,876861.130,176000.300
Adaptive2/squashing:cross_node_read,0,1,1000000,400,0.02,0.9999,true,7406250.500,402844.994
Adaptive2/squashing:this_node_read,0,1,1000000,400,0.02,0.9999,true,34835106.000,2105436.581
Adaptive2/squashing:cross_node_write,0,1,1000000,400,0.02,0.9999,true,0.000,0.000
Adaptive2/squashing:this_node_read_success,0,1,1000000,400,0.02,0.9999,true,3188019.167,1466185.676
Adaptive2/squashing:this_node_write,0,1,1000000,400,0.02,0.9999,true,0.000,0.000
Adaptive2/squashing:global_data_read_write,0,1,1000000,400,0.02,0.9999,true,0.000,0.000
Adaptive2/squashing:same_set_requests_true,0,1,1000000,400,0.02,0.9999,true,3996785.000,50.390
Adaptive2/squashing:same_set_requests_false,0,1,1000000,400,0.02,0.9999,true,2808.500,32.316
Adaptive2/squashing:union_requests,0,1,1000000,400,0.02,0.9999,true,4000000.000,0.000
Adaptive2/squashing:hist_begin,0,1,1000000,400,0.02,0.9999,true,576,0
Adaptive2/squashing:hist_end,0,1,1000000,400,0.02,0.9999,true,612,0
Adaptive2/squashing,0,2,1000000,400,0.02,0.9999,true,1652111.835,361883.228
Adaptive2/squashing:cross_node_read,0,2,1000000,400,0.02,0.9999,true,1601833.500,937835.019
Adaptive2/squashing:this_node_read,0,2,1000000,400,0.02,0.9999,true,18186269.000,129946.105
Adaptive2/squashing:cross_node_write,0,2,1000000,400,0.02,0.9999,true,0.000,0.000
Adaptive2/squashing:this_node_read_success,0,2,1000000,400,0.02,0.9999,true,229575.000,93400.513
Adaptive2/squashing:this_node_write,0,2,1000000,400,0.02,0.9999,true,848234.667,35842.205
Adaptive2/squashing:global_data_read_write,0,2,1000000,400,0.02,0.9999,true,0.000,0.000
Adaptive2/squashing:same_set_requests_true,0,2,1000000,400,0.02,0.9999,true,3996801.500,81.611
Adaptive2/squashing:same_set_requests_false,0,2,1000000,400,0.02,0.9999,true,2792.500,89.279
Adaptive2/squashing:union_requests,0,2,1000000,400,0.02,0.9999,true,4000000.000,0.000
Adaptive2/squashing:hist_begin,0,2,1000000,400,0.02,0.9999,true,612,0
Adaptive2/squashing:hist_end,0,2,1000000,400,0.02,0.9999,true,648,0
Adaptive3/squashing,0,0,1000000,4000000,0.02,0,true,964841.512,237599.825
Adaptive3/squashing:cross_node_read,0,0,1000000,4000000,0.02,0,true,4939034.667,981933.050
Adaptive3/squashing:this_node_read,0,0,1000000,4000000,0.02,0,true,34439534.000,2610382.638
Adaptive3/squashing:cross_node_write,0,0,1000000,4000000,0.02,0,true,17097.167,81.308
Adaptive3/squashing:this_node_read_success,0,0,1000000,4000000,0.02,0,true,4907645.500,848708.929
Adaptive3/squashing:this_node_write,0,0,1000000,4000000,0.02,0,true,982729.333,76.787
Adaptive3/squashing:global_data_read_write,0,0,1000000,4000000,0.02,0,true,0.000,0.000
Adaptive3/squashing:same_set_requests_true,0,0,1000000,4000000,0.02,0,true,0.000,0.000
Adaptive3/squashing:same_set_requests_false,0,0,1000000,4000000,0.02,0,true,0.000,0.000
Adaptive3/squashing:union_requests,0,0,1000000,4000000,0.02,0,true,4000000.000,0.000
Adaptive3/squashing:hist_begin,0,0,1000000,4000000,0.02,0,true,648,0
Adaptive3/squashing:hist_end,0,0,1000000,4000000,0.02,0,true,684,0
Adaptive3/squashing,0,1,1000000,400,0.02,0.9999,true,591187.767,207847.344
Adaptive3/squashing:cross_node_read,0,1,1000000,400,0.02,0.9999,true,3035937.833,11360.276
Adaptive3/squashing:this_node_read,0,1,1000000,400,0.02,0.9999,true,29123403.667,2094356.161
Adaptive3/squashing:cross_node_write,0,1,1000000,400,0.02,0.9999,true,0.000,0.000
Adaptive3/squashing:this_node_read_success,0,1,1000000,400,0.02,0.9999,true,26084323.000,2084838.603
Adaptive3/squashing:this_node_write,0,1,1000000,400,0.02,0.9999,true,76790.333,2241.679
Adaptive3/squashing:global_data_read_write,0,1,1000000,400,0.02,0.9999,true,0.000,0.000
Adaptive3/squashing:same_set_requests_true,0,1,1000000,400,0.02,0.9999,true,3996785.000,50.390
Adaptive3/squashing:same_set_requests_false,0,1,1000000,400,0.02,0.9999,true,2808.500,32.316
Adaptive3/squashing:union_requests,0,1,1000000,400,0.02,0.9999,true,4000000.000,0.000
Adaptive3/squashing:hist_begin,0,1,1000000,400,0.02,0.9999,true,684,0
Adaptive3/squashing:hist_end,0,1,1000000,400,0.02,0.9999,true,720,0
Adaptive3/squashing,0,2,1000000,400,0.02,0.9999,true,804560.703,189090.222
Adaptive3/squashing:cross_node_read,0,2,1000000,400,0.02,0.9999,true,2126385.167,1122.879
Adaptive3/squashing:this_node_read,0,2,1000000,400,0.02,0.9999,true,15109968.167,86831.905
Adaptive3/squashing:cross_node_write,0,2,1000000,400,0.02,0.9999,true,0.000,0.000
Adaptive3/squashing:this_node_read_success,0,2,1000000,400,0.02,0.9999,true,12981473.333,87911.036
Adaptive3/squashing:this_node_write,0,2,1000000,400,0.02,0.9999,true,866835.167,31540.375
Adaptive3/squashing:global_data_read_write,0,2,1000000,400,0.02,0.9999,true,0.000,0.000
Adaptive3/squashing:same_set_requests_true,0,2,1000000,400,0.02,0.9999,true,3996801.500,81.611
Adaptive3/squashing:same_set_requests_false,0,2,1000000,400,0.02,0.9999,true,2792.500,89.279
Adaptive3/squashing:union_requests,0,2,1000000,400,0.02,0.9999,true,4000000.000,0.000
Adaptive3/squashing:hist_begin,0,2,1000000,400,0.02,0.9999,true,720,0
Adaptive3/squashing:hist_end,0,2,1000000,400,0.02,0.9999,true,756,0
Usual,1,0,1000000,16000000,0.02,0,true,2572552.363,173768.035
Usual:cross_node_read,1,0,1000000,16000000,0.02,0,true,0.000,0.000
Usual:this_node_read,1,0,1000000,16000000,0.02,0,true,0.000,0.000
Usual:cross_node_write,1,0,1000000,16000000,0.02,0,true,0.000,0.000
Usual:this_node_read_success,1,0,1000000,16000000,0.02,0,true,0.000,0.000
Usual:this_node_write,1,0,1000000,16000000,0.02,0,true,0.000,0.000
Usual:global_data_read_write,1,0,1000000,16000000,0.02,0,true,0.000,0.000
Usual:same_set_requests_true,1,0,1000000,16000000,0.02,0,true,0.000,0.000
Usual:same_set_requests_false,1,0,1000000,16000000,0.02,0,true,0.000,0.000
Usual:union_requests,1,0,1000000,16000000,0.02,0,true,16000000.000,0.000
Usual:hist_begin,1,0,1000000,16000000,0.02,0,true,756,0
Usual:hist_end,1,0,1000000,16000000,0.02,0,true,792,0
Usual,1,1,1000000,400,0.02,0.9999,true,3102288.513,432285.789
Usual:cross_node_read,1,1,1000000,400,0.02,0.9999,true,0.000,0.000
Usual:this_node_read,1,1,1000000,400,0.02,0.9999,true,0.000,0.000
Usual:cross_node_write,1,1,1000000,400,0.02,0.9999,true,0.000,0.000
Usual:this_node_read_success,1,1,1000000,400,0.02,0.9999,true,0.000,0.000
Usual:this_node_write,1,1,1000000,400,0.02,0.9999,true,0.000,0.000
Usual:global_data_read_write,1,1,1000000,400,0.02,0.9999,true,0.000,0.000
Usual:same_set_requests_true,1,1,1000000,400,0.02,0.9999,true,3999598.500,16.979
Usual:same_set_requests_false,1,1,1000000,400,0.02,0.9999,true,0.000,0.000
Usual:union_requests,1,1,1000000,400,0.02,0.9999,true,4000000.000,0.000
Usual:hist_begin,1,1,1000000,400,0.02,0.9999,true,792,0
Usual:hist_end,1,1,1000000,400,0.02,0.9999,true,828,0
Usual,1,2,1000000,400,0.02,0.9999,true,3099445.712,436644.266
Usual:cross_node_read,1,2,1000000,400,0.02,0.9999,true,0.000,0.000
Usual:this_node_read,1,2,1000000,400,0.02,0.9999,true,0.000,0.000
Usual:cross_node_write,1,2,1000000,400,0.02,0.9999,true,0.000,0.000
Usual:this_node_read_success,1,2,1000000,400,0.02,0.9999,true,0.000,0.000
Usual:this_node_write,1,2,1000000,400,0.02,0.9999,true,0.000,0.000
Usual:global_data_read_write,1,2,1000000,400,0.02,0.9999,true,0.000,0.000
Usual:same_set_requests_true,1,2,1000000,400,0.02,0.9999,true,3999577.000,2.191
Usual:same_set_requests_false,1,2,1000000,400,0.02,0.9999,true,0.000,0.000
Usual:union_requests,1,2,1000000,400,0.02,0.9999,true,4000000.000,0.000
Usual:hist_begin,1,2,1000000,400,0.02,0.9999,true,828,0
Usual:hist_end,1,2,1000000,400,0.02,0.9999,true,864,0
ParallelUnions/halfing,1,0,1000000,16000000,0.02,0,true,1891461.378,216309.442
ParallelUnions/halfing:cross_node_read,1,0,1000000,16000000,0.02,0,true,1000133.000,48.262
ParallelUnions/halfing:this_node_read,1,0,1000000,16000000,0.02,0,true,132611440.167,12544726.328
ParallelUnions/halfing:cross_node_write,1,0,1000000,16000000,0.02,0,true,1999998.000,0.000
ParallelUnions/halfing:this_node_read_success,1,0,1000000,16000000,0.02,0,true,0.000,0.000
ParallelUnions/halfing:this_node_write,1,0,1000000,16000000,0.02,0,true,1999998.000,0.000
ParallelUnions/halfing:global_data_read_write,1,0,1000000,16000000,0.02,0,true,2001580.000,190.508
ParallelUnions/halfing:same_set_requests_true,1,0,1000000,16000000,0.02,0,true,0.000,0.000
ParallelUnions/halfing:same_set_requests_false,1,0,1000000,16000000,0.02,0,true,0.000,0.000
ParallelUnions/halfing:union_requests,1,0,1000000,16000000,0.02,0,true,16000000.000,0.000
ParallelUnions/halfing:hist_begin,1,0,1000000,16000000,0.02,0,true,864,0
ParallelUnions/halfing:hist_end,1,0,1000000,16000000,0.02,0,true,900,0
ParallelUnions/halfing,1,1,1000000,400,0.02,0.9999,true,2186541.073,312730.155
ParallelUnions/halfing:cross_node_read,1,1,1000000,400,0.02,0.9999,true,0.000,0.000
ParallelUnions/halfing:this_node_read,1,1,1000000,400,0.02,0.9999,true,33834041.167,3243573.477
ParallelUnions/halfing:cross_node_write,1,1,1000000,400,0.02,0.9999,true,0.000,0.000
ParallelUnions/halfing:this_node_read_success,1,1,1000000,400,0.02,0.9999,true,0.000,0.000
ParallelUnions/halfing:this_node_write,1,1,1000000,400,0.02,0.9999,true,0.000,0.000
ParallelUnions/halfing:global_data_read_write,1,1,1000000,400,0.02,0.9999,true,0.000,0.000
ParallelUnions/halfing:same_set_requests_true,1,1,1000000,400,0.02,0.9999,true,3999598.500,16.979
ParallelUnions/halfing:same_set_requests_false,1,1,1000000,400,0.02,0.9999,true,0.000,0.000
ParallelUnions/halfing:union_requests,1,1,1000000,400,0.02,0.9999,true,4000000.000,0.000
ParallelUnions/halfing:hist_begin,1,1,1000000,400,0.02,0.9999,true,900,0
ParallelUnions/halfing:hist_end,1,1,1000000,400,0.02,0.9999,true,936,0
ParallelUnions/halfing,1,2,1000000,400,0.02,0.9999,true,2438802.479,233889.213
ParallelUnions/halfing:cross_node_read,1,2,1000000,400,0.02,0.9999,true,0.000,0.000
ParallelUnions/halfing:this_node_read,1,2,1000000,400,0.02,0.9999,true,5319932.333,71407.519
ParallelUnions/halfing:cross_node_write,1,2,1000000,400,0.02,0.9999,true,0.000,0.000
ParallelUnions/halfing:this_node_read_success,1,2,1000000,400,0.02,0.9999,true,0.000,0.000
ParallelUnions/halfing:this_node_write,1,2,1000000,400,0.02,0.9999,true,1065740.500,15809.732
ParallelUnions/halfing:global_data_read_write,1,2,1000000,400,0.02,0.9999,true,0.000,0.000
ParallelUnions/halfing:same_set_requests_true,1,2,1000000,400,0.02,0.9999,true,3999577.000,2.191
ParallelUnions/halfing:same_set_requests_false,1,2,1000000,400,0.02,0.9999,true,0.000,0.000
ParallelUnions/halfing:union_requests,1,2,1000000,400,0.02,0.9999,true,4000000.000,0.000
ParallelUnions/halfing:hist_begin,1,2,1000000,400,0.02,0.9999,true,936,0
ParallelUnions/halfing:hist_end,1,2,1000000,400,0.02,0.9999,true,972,0
Adaptive2/halfing,1,0,1000000,16000000,0.02,0,true,846835.210,223541.132
Adaptive2/halfing:cross_node_read,1,0,1000000,16000000,0.02,0,true,29596996.833,6897356.692
Adaptive2/halfing:this_node_read,1,0,1000000,16000000,0.02,0,true,166057899.667,11434862.591
Adaptive2/halfing:cross_node_write,1,0,1000000,16000000,0.02,0,true,16985.333,104.167
Adaptive2/halfing:this_node_read_success,1,0,1000000,16000000,0.02,0,true,23861817.500,5402970.247
Adaptive2/halfing:this_node_write,1,0,1000000,16000000,0.02,0,true,983206.333,74.792
Adaptive2/halfing:global_data_read_write,1,0,1000000,16000000,0.02,0,true,0.000,0.000
Adaptive2/halfing:same_set_requests_true,1,0,1000000,16000000,0.02,0,true,0.000,0.000
Adaptive2/halfing:same_set_requests_false,1,0,1000000,16000000,0.02,0,true,0.000,0.000
Adaptive2/halfing:union_requests,1,0,1000000,16000000,0.02,0,true,16000000.000,0.000
Adaptive2/halfing:hist_begin,1,0,1000000,16000000,0.02,0,true,972,0
Adaptive2/halfing:hist_end,1,0,1000000,16000000,0.02,0,true,1008,0
Adaptive2/halfing,1,1,1000000,400,0.02,0.9999,true,969422.547,270232.256
Adaptive2/halfing:cross_node_read,1,1,1000000,400,0.02,0.9999,true,8277527.833,1923839.622
Adaptive2/halfing:this_node_read,1,1,1000000,400,0.02,0.9999,true,39013874.667,2719530.960
Adaptive2/halfing:cross_node_write,1,1,1000000,400,0.02,0.9999,true,0.000,0.000
Adaptive2/halfing:this_node_read_success,1,1,1000000,400,0.02,0.9999,true,5368754.667,1649131.546
Adaptive2/halfing:this_node_write,1,1,1000000,400,0.02,0.9999,true,0.000,0.000
Adaptive2/halfing:global_data_read_write,1,1,1000000,400,0.02,0.9999,true,0.000,0.000
Adaptive2/halfing:same_set_requests_true,1,1,1000000,400,0.02,0.9999,true,3999598.500,16.979
Adaptive2/halfing:same_set_requests_false,1,1,1000000,400,0.02,0.9999,true,0.000,0.000
Adaptive2/halfing:union_requests,1,1,1000000,400,0.02,0.9999,true,4000000.000,0.000
Adaptive2/halfing:hist_begin,1,1,1000000,400,0.02,0.9999,true,1008,0
Adaptive2/halfing:hist_end,1,1,1000000,400,0.02,0.9999,true,1044,0
Adaptive2/halfing,1,2,1000000,400,0.02,0.9999,true,1519063.815,245586.164
Adaptive2/halfing:cross_node_read,1,2,1000000,400,0.02,0.9999,true,1815043.333,811952.205
Adaptive2/halfing:this_node_read,1,2,1000000,400,0.02,0.9999,true,18175629.333,70430.801
Adaptive2/halfing:cross_node_write,1,2,1000000,400,0.02,0.9999,true,0.000,0.000
Adaptive2/halfing:this_node_read_success,1,2,1000000,400,0.02,0.9999,true,301739.333,61611.849
Adaptive2/halfing:this_node_write,1,2,1000000,400,0.02,0.9999,true,1038460.667,15388.236
Adaptive2/halfing:global_data_read_write,1,2,1000000,400,0.02,0.9999,true,0.000,0.000
Adaptive2/halfing:same_set_requests_true,1,2,1000000,400,0.02,0.9999,true,3999577.000,2.191
Adaptive2/halfing:same_set_requests_false,1,2,1000000,400,0.02,0.9999,true,0.000,0.000
Adaptive2/halfing:union_requests,1,2,1000000,400,0.02,0.9999,true,4000000.000,0.000
Adaptive2/halfing:hist_begin,1,2,1000000,400,0.02,0.9999,true,1044,0
Adaptive2/halfing:hist_end,1,2,1000000,400,0.02,0.9999,true,1080,0
Adaptive3/halfing,1,0,1000000,16000000,0.02,0,true,1065819.292,353613.787
Adaptive3/halfing:cross_node_read,1,0,1000000,16000000,0.02,0,true,28159823.500,15383425.462
Adaptive3/halfing:this_node_read,1,0,1000000,16000000,0.02,0,true,167416583.333,30616630.866
Adaptive3/halfing:cross_node_write,1,0,1000000,16000000,0.02,0,true,17092.167,253.179
Adaptive3/halfing:this_node_read_success,1,0,1000000,16000000,0.02,0,true,21953026.000,10324670.155
Adaptive3/halfing:this_node_write,1,0,1000000,16000000,0.02,0,true,983096.833,243.937
Adaptive3/halfing:global_data_read_write,1,0,1000000,16000000,0.02,0,true,0.000,0.000
Adaptive3/halfing:same_set_requests_true,1,0,1000000,16000000,0.02,0,true,0.000,0.000
Adaptive3/halfing:same_set_requests_false,1,0,1000000,16000000,0.02,0,true,0.000,0.000
Adaptive3/halfing:union_requests,1,0,1000000,16000000,0.02,0,true,16000000.000,0.000
Adaptive3/halfing:hist_begin,1,0,1000000,16000000,0.02,0,true,1080,0
Adaptive3/halfing:hist_end,1,0,1000000,16000000,0.02,0,true,1116,0
Adaptive3/halfing,1,1,1000000,400,0.02,0.9999,true,494788.441,205482.341
Adaptive3/halfing:cross_node_read,1,1,1000000,400,0.02,0.9999,true,3279891.167,48327.243
Adaptive3/halfing:this_node_read,1,1,1000000,400,0.02,0.9999,true,36564673.333,4678688.245
Adaptive3/halfing:cross_node_write,1,1,1000000,400,0.02,0.9999,true,0.000,0.000
Adaptive3/halfing:this_node_read_success,1,1,1000000,400,0.02,0.9999,true,33280998.667,4718655.497
Adaptive3/halfing:this_node_write,1,1,1000000,400,0.02,0.9999,true,88466.167,5693.600
Adaptive3/halfing:global_data_read_write,1,1,1000000,400,0.02,0.9999,true,0.000,0.000
Adaptive3/halfing:same_set_requests_true,1,1,1000000,400,0.02,0.9999,true,3999598.500,16.979
Adaptive3/halfing:same_set_requests_false,1,1,1000000,400,0.02,0.9999,true,0.000,0.000
Adaptive3/halfing:union_requests,1,1,1000000,400,0.02,0.9999,true,4000000.000,0.000
Adaptive3/halfing:hist_begin,1,1,1000000,400,0.02,0.9999,true,1116,0
Adaptive3/halfing:hist_end,1,1,1000000,400,0.02,0.9999,true,1152,0
Adaptive3/halfing,1,2,1000000,400,0.02,0.9999,true,744649.286,186537.576
Adaptive3/halfing:cross_node_read,1,2,1000000,400,0.02,0.9999,true,2512934.333,5926.579
Adaptive3/halfing:this_node_read,1,2,1000000,400,0.02,0.9999,true,15973518.167,46020.633
Adaptive3/halfing:cross_node_write,1,2,1000000,400,0.02,0.9999,true,0.000,0.000
Adaptive3/halfing:this_node_read_success,1,2,1000000,400,0.02,0.9999,true,13458407.667,40282.937
Adaptive3/halfing:this_node_write,1,2,1000000,400,0.02,0.9999,true,1189423.667,16817.943
Adaptive3/halfing:global_data_read_write,1,2,1000000,400,0.02,0.9999,true,0.000,0.000
Adaptive3/halfing:same_set_requests_true,1,2,1000000,400,0.02,0.9999,true,3999577.000,2.191
Adaptive3/halfing:same_set_requests_false,1,2,1000000,400,0.02,0.9999,true,0.000,0.000
Adaptive3/halfing:union_requests,1,2,1000000,400,0.02,0.9999,true,4000000.000,0.000
Adaptive3/halfing:hist_begin,1,2,1000000,400,0.02,0.9999,true,1152,0
Adaptive3/halfing:hist_end,1,2,1000000,400,0.02,0.9999,true,1188,0
ParallelUnions/squashing,1,0,1000000,16000000,0.02,0,true,1682233.727,329125.043
ParallelUnions/squashing:cross_node_read,1,0,1000000,16000000,0.02,0,true,1000140.167,20.213
ParallelUnions/squashing:this_node_read,1,0,1000000,16000000,0.02,0,true,169587526.667,11834560.514
ParallelUnions/squashing:cross_node_write,1,0,1000000,16000000,0.02,0,true,1999998.000,0.000
ParallelUnions/squashing:this_node_read_success,1,0,1000000,16000000,0.02,0,true,0.000,0.000
ParallelUnions/squashing:this_node_write,1,0,1000000,16000000,0.02,0,true,1999998.000,0.000
ParallelUnions/squashing:global_data_read_write,1,0,1000000,16000000,0.02,0,true,2001760.000,231.022
ParallelUnions/squashing:same_set_requests_true,1,0,1000000,16000000,0.02,0,true,0.000,0.000
ParallelUnions/squashing:same_set_requests_false,1,0,1000000,16000000,0.02,0,true,0.000,0.000
ParallelUnions/squashing:union_requests,1,0,1000000,16000000,0.02,0,true,16000000.000,0.000
ParallelUnions/squashing:hist_begin,1,0,1000000,16000000,0.02,0,true,1188,0
ParallelUnions/squashing:hist_end,1,0,1000000,16000000,0.02,0,true,1224,0
ParallelUnions/squashing,1,1,1000000,400,0.02,0.9999,true,1891073.988,419001.700
ParallelUnions/squashing:cross_node_read,1,1,1000000,400,0.02,0.9999,true,0.000,0.000
ParallelUnions/squashing:this_node_read,1,1,1000000,400,0.02,0.9999,true,43830137.000,3332196.234
ParallelUnions/squashing:cross_node_write,1,1,1000000,400,0.02,0.9999,true,0.000,0.000
ParallelUnions/squashing:this_node_read_success,1,1,1000000,400,0.02,0.9999,true,0.000,0.000
ParallelUnions/squashing:this_node_write,1,1,1000000,400,0.02,0.9999,true,0.000,0.000
ParallelUnions/squashing:global_data_read_write,1,1,1000000,400,0.02,0.9999,true,0.000,0.000
ParallelUnions/squashing:same_set_requests_true,1,1,1000000,400,0.02,0.9999,true,3999598.500,16.979
ParallelUnions/squashing:same_set_requests_false,1,1,1000000,400,0.02,0.9999,true,0.000,0.000
ParallelUnions/squashing:union_requests,1,1,1000000,400,0.02,0.9999,true,4000000.000,0.000
ParallelUnions/squashing:hist_begin,1,1,1000000,400,0.02,0.9999,true,1224,0
ParallelUnions/squashing:hist_end,1,1,1000000,400,0.02,0.9999,true,1260,0
ParallelUnions/squashing,1,2,1000000,400,0.02,0.9999,true,2134507.770,190604.460
ParallelUnions/squashing:cross_node_read,1,2,1000000,400,0.02,0.9999,true,0.000,0.000
ParallelUnions/squashing:this_node_read,1,2,1000000,400,0.02,0.9999,true,5509421.667,295488.916
ParallelUnions/squashing:cross_node_write,1,2,1000000,400,0.02,0.9999,true,0.000,0.000
ParallelUnions/squashing:this_node_read_success,1,2,1000000,400,0.02,0.9999,true,0.000,0.000
ParallelUnions/squashing:this_node_write,1,2,1000000,400,0.02,0.9999,true,1248245.833,75676.640
ParallelUnions/squashing:global_data_read_write,1,2,1000000,400,0.02,0.9999,true,0.000,0.000
ParallelUnions/squashing:same_set_requests_true,1,2,1000000,400,0.02,0.9999,true,3999577.000,2.191
ParallelUnions/squashing:same_set_requests_false,1,2,1000000,400,0.02,0.9999,true,0.000,0.000
ParallelUnions/squashing:union_requests,1,2,1000000,400,0.02,0.9999,true,4000000.000,0.000
ParallelUnions/squashing:hist_begin,1,2,1000000,400,0.02,0.9999,true,1260,0
ParallelUnions/squashing:hist_end,1,2,1000000,400,0.02,0.9999,true,1296,0
Adaptive2/squashing,1,0,1000000,16000000,0.02,0,true,1002168.992,307106.428
Adaptive2/squashing:cross_node_read,1,0,1000000,16000000,0.02,0,true,21416949.833,2784585.808
Adaptive2/squashing:this_node_read,1,0,1000000,16000000,0.02,0,true,153319544.333,4886013.152
Adaptive2/squashing:cross_node_write,1,0,1000000,16000000,0.02,0,true,17762.833,618.245
Adaptive2/squashing:this_node_read_success,1,0,1000000,16000000,0.02,0,true,19589405.833,3423313.480
Adaptive2/squashing:this_node_write,1,0,1000000,16000000,0.02,0,true,982432.833,605.975
Adaptive2/squashing:global_data_read_write,1,0,1000000,16000000,0.02,0,true,0.000,0.000
Adaptive2/squashing:same_set_requests_true,1,0,1000000,16000000,0.02,0,true,0.000,0.000
Adaptive2/squashing:same_set_requests_false,1,0,1000000,16000000,0.02,0,true,0.000,0.000
Adaptive2/squashing:union_requests,1,0,1000000,16000000,0.02,0,true,16000000.000,0.000
Adaptive2/squashing:hist_begin,1,0,1000000,16000000,0.02,0,true,1296,0
Adaptive2/squashing:hist_end,1,0,1000000,16000000,0.02,0,true,1332,0
Adaptive2/squashing,1,1,1000000,400,0.02,0.9999,true,1102247.279,291707.754
Adaptive2/squashing:cross_node_read,1,1,1000000,400,0.02,0.9999,true,6350037.667,768733.701
Adaptive2/squashing:this_node_read,1,1,1000000,400,0.02,0.9999,true,35825294.167,1170497.700
Adaptive2/squashing:cross_node_write,1,1,1000000,400,0.02,0.9999,true,0.000,0.000
Adaptive2/squashing:this_node_read_success,1,1,1000000,400,0.02,0.9999,true,3538067.167,891061.284
Adaptive2/squashing:this_node_write,1,1,1000000,400,0.02,0.9999,true,0.000,0.000
Adaptive2/squashing:global_data_read_write,1,1,1000000,400,0.02,0.9999,true,0.000,0.000
Adaptive2/squashing:same_set_requests_true,1,1,1000000,400,0.02,0.9999,true,3999598.500,16.979
Adaptive2/squashing:same_set_requests_false,1,1,1000000,400,0.02,0.9999,true,0.000,0.000
Adaptive2/squashing:union_requests,1,1,1000000,400,0.02,0.9999,true,4000000.000,0.000
Adaptive2/squashing:hist_begin,1,1,1000000,400,0.02,0.9999,true,1332,0
Adaptive2/squashing:hist_end,1,1,1000000,400,0.02,0.9999,true,1368,0
Adaptive2/squashing,1,2,1000000,400,0.02,0.9999,true,1512703.077,303950.603
Adaptive2/squashing:cross_node_read,1,2,1000000,400,0.02,0.9999,true,1183508.667,727140.666
Adaptive2/squashing:this_node_read,1,2,1000000,400,0.02,0.9999,true,18462946.333,147360.282
Adaptive2/squashing:cross_node_write,1,2,1000000,400,0.02,0.9999,true,0.000,0.000
Adaptive2/squashing:this_node_read_success,1,2,1000000,400,0.02,0.9999,true,204315.500,77173.325
Adaptive2/squashing:this_node_write,1,2,1000000,400,0.02,0.9999,true,1049387.167,71947.761
Adaptive2/squashing:global_data_read_write,1,2,1000000,400,0.02,0.9999,true,0.000,0.000
Adaptive2/squashing:same_set_requests_true,1,2,1000000,400,0.02,0.9999,true,3999577.000,2.191
Adaptive2/squashing:same_set_requests_false,1,2,1000000,400,0.02,0.9999,true,0.000,0.000
Adaptive2/squashing:union_requests,1,2,1000000,400,0.02,0.9999,true,4000000.000,0.000
Adaptive2/squashing:hist_begin,1,2,1000000,400,0.02,0.9999,true,1368,0
Adaptive2/squashing:hist_end,1,2,1000000,400,0.02,0.9999,true,1404,0
Adaptive3/squashing,1,0,1000000,16000000,0.02,0,true,1049637.016,403982.385
Adaptive3/squashing:cross_node_read,1,0,1000000,16000000,0.02,0,true,24927575.667,13435000.101
Adaptive3/squashing:this_node_read,1,0,1000000,16000000,0.02,0,true,158190509.333,26314046.363
Adaptive3/squashing:cross_node_write,1,0,1000000,16000000,0.02,0,true,17396.000,255.397
Adaptive3/squashing:this_node_read_success,1,0,1000000,16000000,0.02,0,true,20773863.000,8218259.270
Adaptive3/squashing:this_node_write,1,0,1000000,16000000,0.02,0,true,982804.667,260.084
Adaptive3/squashing:global_data_read_write,1,0,1000000,16000000,0.02,0,true,0.000,0.000
Adaptive3/squashing:same_set_requests_true,1,0,1000000,16000000,0.02,0,true,0.000,0.000
Adaptive3/squashing:same_set_requests_false,1,0,1000000,16000000,0.02,0,true,0.000,0.000
Adaptive3/squashing:union_requests,1,0,1000000,16000000,0.02,0,true,16000000.000,0.000
Adaptive3/squashing:hist_begin,1,0,1000000,16000000,0.02,0,true,1404,0
Adaptive3/squashing:hist_end,1,0,1000000,16000000,0.02,0,true,1440,0
Adaptive3/squashing,1,1,1000000,400,0.02,0.9999,true,534544.917,197677.224
Adaptive3/squashing:cross_node_read,1,1,1000000,400,0.02,0.9999,true,3232920.833,98855.392
Adaptive3/squashing:this_node_read,1,1,1000000,400,0.02,0.9999,true,33566086.167,5101785.152
Adaptive3/squashing:cross_node_write,1,1,1000000,400,0.02,0.9999,true,0.000,0.000
Adaptive3/squashing:this_node_read_success,1,1,1000000,400,0.02,0.9999,true,30329628.500,5006662.265
Adaptive3/squashing:this_node_write,1,1,1000000,400,0.02,0.9999,true,84443.000,5333.810
Adaptive3/squashing:global_data_read_write,1,1,1000000,400,0.02,0.9999,true,0.000,0.000
Adaptive3/squashing:same_set_requests_true,1,1,1000000,400,0.02,0.9999,true,3999598.500,16.979
Adaptive3/squashing:same_set_requests_false,1,1,1000000,400,0.02,0.9999,true,0.000,0.000
Adaptive3/squashing:union_requests,1,1,1000000,400,0.02,0.9999,true,4000000.000,0.000
Adaptive3/squashing:hist_begin,1,1,1000000,400,0.02,0.9999,true,1440,0
Adaptive3/squashing:hist_end,1,1,1000000,400,0.02,0.9999,true,1476,0
Adaptive3/squashing,1,2,1000000,400,0.02,0.9999,true,712096.622,155767.112
Adaptive3/squashing:cross_node_read,1,2,1000000,400,0.02,0.9999,true,2123281.000,2946.693
Adaptive3/squashing:this_node_read,1,2,1000000,400,0.02,0.9999,true,15783642.500,344585.712
Adaptive3/squashing:cross_node_write,1,2,1000000,400,0.02,0.9999,true,0.000,0.000
Adaptive3/squashing:this_node_read_success,1,2,1000000,400,0.02,0.9999,true,13658088.833,347496.855
Adaptive3/squashing:this_node_write,1,2,1000000,400,0.02,0.9999,true,1086194.000,106978.749
Adaptive3/squashing:global_data_read_write,1,2,1000000,400,0.02,0.9999,true,0.000,0.000
Adaptive3/squashing:same_set_requests_true,1,2,1000000,400,0.02,0.9999,true,3999577.000,2.191
Adaptive3/squashing:same_set_requests_false,1,2,1000000,400,0.02,0.9999,true,0.000,0.000
Adaptive3/squashing:union_requests,1,2,1000000,400,0.02,0.9999,true,4000000.000,0.000
Adaptive3/squashing:hist_begin,1,2,1000000,400,0.02,0.9999,true,1476,0
Adaptive3/squashing:hist_end,1,2,1000000,400,0.02,0.9999,true,1512,0
Usual,2,0,1000000,4000000,0.1,0,true,1326289.866,68150.436
Usual:cross_node_read,2,0,1000000,4000000,0.1,0,true,0.000,0.000
Usual:this_node_read,2,0,1000000,4000000,0.1,0,true,0.000,0.000
Usual:cross_node_write,2,0,1000000,4000000,0.1,0,true,0.000,0.000
Usual:this_node_read_success,2,0,1000000,4000000,0.1,0,true,0.000,0.000
Usual:this_node_write,2,0,1000000,4000000,0.1,0,true,0.000,0.000
Usual:global_data_read_write,2,0,1000000,4000000,0.1,0,true,0.000,0.000
Usual:same_set_requests_true,2,0,1000000,4000000,0.1,0,true,0.000,0.000
Usual:same_set_requests_false,2,0,1000000,4000000,0.1,0,true,0.000,0.000
Usual:union_requests,2,0,1000000,4000000,0.1,0,true,4000000.000,0.000
Usual:hist_begin,2,0,1000000,4000000,0.1,0,true,1512,0
Usual:hist_end,2,0,1000000,4000000,0.1,0,true,1548,0
Usual,2,1,1000000,400,0.1,0.9999,true,3143857.984,436147.744
Usual:cross_node_read,2,1,1000000,400,0.1,0.9999,true,0.000,0.000
Usual:this_node_read,2,1,1000000,400,0.1,0.9999,true,0.000,0.000
Usual:cross_node_write,2,1,1000000,400,0.1,0.9999,true,0.000,0.000
Usual:this_node_read_success,2,1,1000000,400,0.1,0.9999,true,0.000,0.000
Usual:this_node_write,2,1,1000000,400,0.1,0.9999,true,0.000,0.000
Usual:global_data_read_write,2,1,1000000,400,0.1,0.9999,true,0.000,0.000
Usual:same_set_requests_true,2,1,1000000,400,0.1,0.9999,true,3996868.500,38.888
Usual:same_set_requests_false,2,1,1000000,400,0.1,0.9999,true,2740.500,48.747
Usual:union_requests,2,1,1000000,400,0.1,0.9999,true,4000000.000,0.000
Usual:hist_begin,2,1,1000000,400,0.1,0.9999,true,1548,0
Usual:hist_end,2,1,1000000,400,0.1,0.9999,true,1584,0
Usual,2,2,1000000,400,0.1,0.9999,true,3087570.600,415192.209
Usual:cross_node_read,2,2,1000000,400,0.1,0.9999,true,0.000,0.000
Usual:this_node_read,2,2,1000000,400,0.1,0.9999,true,0.000,0.000
Usual:cross_node_write,2,2,1000000,400,0.1,0.9999,true,0.000,0.000
Usual:this_node_read_success,2,2,1000000,400,0.1,0.9999,true,0.000,0.000
Usual:this_node_write,2,2,1000000,400,0.1,0.9999,true,0.000,0.000
Usual:global_data_read_write,2,2,1000000,400,0.1,0.9999,true,0.000,0.000
Usual:same_set_requests_true,2,2,1000000,400,0.1,0.9999,true,3996844.000,83.254
Usual:same_set_requests_false,2,2,1000000,400,0.1,0.9999,true,2740.000,63.536
Usual:union_requests,2,2,1000000,400,0.1,0.9999,true,4000000.000,0.000
Usual:hist_begin,2,2,1000000,400,0.1,0.9999,true,1584,0
Usual:hist_end,2,2,1000000,400,0.1,0.9999,true,1620,0
ParallelUnions/halfing,2,0,1000000,4000000,0.1,0,true,1203216.025,173601.834
ParallelUnions/halfing:cross_node_read,2,0,1000000,4000000,0.1,0,true,999777.500,13.982
ParallelUnions/halfing:this_node_read,2,0,1000000,4000000,0.1,0,true,32430256.000,340793.030
ParallelUnions/halfing:cross_node_write,2,0,1000000,4000000,0.1,0,true,1999326.000,28.482
ParallelUnions/halfing:this_node_read_success,2,0,1000000,4000000,0.1,0,true,0.000,0.000
ParallelUnions/halfing:this_node_write,2,0,1000000,4000000,0.1,0,true,1999326.000,28.482
ParallelUnions/halfing:global_data_read_write,2,0,1000000,4000000,0.1,0,true,2000834.500,196.413
ParallelUnions/halfing:same_set_requests_true,2,0,1000000,4000000,0.1,0,true,0.000,0.000
ParallelUnions/halfing:same_set_requests_false,2,0,1000000,4000000,0.1,0,true,0.000,0.000
ParallelUnions/halfing:union_requests,2,0,1000000,4000000,0.1,0,true,4000000.000,0.000
ParallelUnions/halfing:hist_begin,2,0,1000000,4000000,0.1,0,true,1620,0
ParallelUnions/halfing:hist_end,2,0,1000000,4000000,0.1,0,true,1656,0
ParallelUnions/halfing,2,1,1000000,400,0.1,0.9999,true,2040925.404,439800.175
ParallelUnions/halfing:cross_node_read,2,1,1000000,400,0.1,0.9999,true,0.000,0.000
ParallelUnions/halfing:this_node_read,2,1,1000000,400,0.1,0.9999,true,35885533.333,379337.091
ParallelUnions/halfing:cross_node_write,2,1,1000000,400,0.1,0.9999,true,0.000,0.000
ParallelUnions/halfing:this_node_read_success,2,1,1000000,400,0.1,0.9999,true,0.000,0.000
ParallelUnions/halfing:this_node_write,2,1,1000000,400,0.1,0.9999,true,0.000,0.000
ParallelUnions/halfing:global_data_read_write,2,1,1000000,400,0.1,0.9999,true,0.000,0.000
ParallelUnions/halfing:same_set_requests_true,2,1,1000000,400,0.1,0.9999,true,3996868.500,38.888
ParallelUnions/halfing:same_set_requests_false,2,1,1000000,400,0.1,0.9999,true,2740.500,48.747
ParallelUnions/halfing:union_requests,2,1,1000000,400,0.1,0.9999,true,4000000.000,0.000
ParallelUnions/halfing:hist_begin,2,1,1000000,400,0.1,0.9999,true,1656,0
ParallelUnions/halfing:hist_end,2,1,1000000,400,0.1,0.9999,true,1692,0
ParallelUnions/halfing,2,2,1000000,400,0.1,0.9999,true,2231578.236,205884.821
ParallelUnions/halfing:cross_node_read,2,2,1000000,400,0.1,0.9999,true,0.500,0.548
ParallelUnions/halfing:this_node_read,2,2,1000000,400,0.1,0.9999,true,6805326.833,108228.723
ParallelUnions/halfing:cross_node_write,2,2,1000000,400,0.1,0.9999,true,1.000,1.095
ParallelUnions/halfing:this_node_read_success,2,2,1000000,400,0.1,0.9999,true,0.000,0.000
ParallelUnions/halfing:this_node_write,2,2,1000000,400,0.1,0.9999,true,1354023.667,23706.140
ParallelUnions/halfing:global_data_read_write,2,2,1000000,400,0.1,0.9999,true,1.000,1.095
ParallelUnions/halfing:same_set_requests_true,2,2,1000000,400,0.1,0.9999,true,3996844.833,82.342
ParallelUnions/halfing:same_set_requests_false,2,2,1000000,400,0.1,0.9999,true,2739.167,62.624
ParallelUnions/halfing:union_requests,2,2,1000000,400,0.1,0.9999,true,4000000.000,0.000
ParallelUnions/halfing:hist_begin,2,2,1000000,400,0.1,0.9999,true,1692,0
ParallelUnions/halfing:hist_end,2,2,1000000,400,0.1,0.9999,true,1728,0
Adaptive2/halfing,2,0,1000000,4000000,0.1,0,true,878484.225,206908.576
Adaptive2/halfing:cross_node_read,2,0,1000000,4000000,0.1,0,true,6673207.000,1472117.216
Adaptive2/halfing:this_node_read,2,0,1000000,4000000,0.1,0,true,32972813.833,2866288.799
Adaptive2/halfing:cross_node_write,2,0,1000000,4000000,0.1,0,true,77999.500,941.645
Adaptive2/halfing:this_node_read_success,2,0,1000000,4000000,0.1,0,true,5598949.333,1129948.660
Adaptive2/halfing:this_node_write,2,0,1000000,4000000,0.1,0,true,921832.500,922.597
Adaptive2/halfing:global_data_read_write,2,0,1000000,4000000,0.1,0,true,0.000,0.000
Adaptive2/halfing:same_set_requests_true,2,0,1000000,4000000,0.1,0,true,0.000,0.000
Adaptive2/halfing:same_set_requests_false,2,0,1000000,4000000,0.1,0,true,0.000,0.000
Adaptive2/halfing:union_requests,2,0,1000000,4000000,0.1,0,true,4000000.000,0.000
Adaptive2/halfing:hist_begin,2,0,1000000,4000000,0.1,0,true,1728,0
Adaptive2/halfing:hist_end,2,0,1000000,4000000,0.1,0,true,1764,0
Adaptive2/halfing,2,1,1000000,400,0.1,0.9999,true,1169813.862,321274.550
Adaptive2/halfing:cross_node_read,2,1,1000000,400,0.1,0.9999,true,7992215.167,2129165.660
Adaptive2/halfing:this_node_read,2,1,1000000,400,0.1,0.9999,true,31423971.333,3088300.427
Adaptive2/halfing:cross_node_write,2,1,1000000,400,0.1,0.9999,true,0.000,0.000
Adaptive2/halfing:this_node_read_success,2,1,1000000,400,0.1,0.9999,true,3875614.167,1182720.707
Adaptive2/halfing:this_node_write,2,1,1000000,400,0.1,0.9999,true,0.000,0.000
Adaptive2/halfing:global_data_read_write,2,1,1000000,400,0.1,0.9999,true,0.000,0.000
Adaptive2/halfing:same_set_requests_true,2,1,1000000,400,0.1,0.9999,true,3996868.500,38.888
Adaptive2/halfing:same_set_requests_false,2,1,1000000,400,0.1,0.9999,true,2740.500,48.747
Adaptive2/halfing:union_requests,2,1,1000000,400,0.1,0.9999,true,4000000.000,0.000
Adaptive2/halfing:hist_begin,2,1,1000000,400,0.1,0.9999,true,1764,0
Adaptive2/halfing:hist_end,2,1,1000000,400,0.1,0.9999,true,1800,0
Adaptive2/halfing,2,2,1000000,400,0.1,0.9999,true,1748683.514,227466.302
Adaptive2/halfing:cross_node_read,2,2,1000000,400,0.1,0.9999,true,2641229.667,344487.773
Adaptive2/halfing:this_node_read,2,2,1000000,400,0.1,0.9999,true,18090847.500,227375.982
Adaptive2/halfing:cross_node_write,2,2,1000000,400,0.1,0.9999,true,0.000,0.000
Adaptive2/halfing:this_node_read_success,2,2,1000000,400,0.1,0.9999,true,643182.000,71860.886
Adaptive2/halfing:this_node_write,2,2,1000000,400,0.1,0.9999,true,763901.833,23380.454
Adaptive2/halfing:global_data_read_write,2,2,1000000,400,0.1,0.9999,true,0.000,0.000
Adaptive2/halfing:same_set_requests_true,2,2,1000000,400,0.1,0.9999,true,3996844.500,82.706
Adaptive2/halfing:same_set_requests_false,2,2,1000000,400,0.1,0.9999,true,2739.500,62.988
Adaptive2/halfing:union_requests,2,2,1000000,400,0.1,0.9999,true,4000000.000,0.000
Adaptive2/halfing:hist_begin,2,2,1000000,400,0.1,0.9999,true,1800,0
Adaptive2/halfing:hist_end,2,2,1000000,400,0.1,0.9999,true,1836,0
Adaptive3/halfing,2,0,1000000,4000000,0.1,0,true,954376.646,220883.367
Adaptive3/halfing:cross_node_read,2,0,1000000,4000000,0.1,0,true,5495139.667,376801.857
Adaptive3/halfing:this_node_read,2,0,1000000,4000000,0.1,0,true,30903435.500,1198925.235
Adaptive3/halfing:cross_node_write,2,0,1000000,4000000,0.1,0,true,77878.833,851.035
Adaptive3/halfing:this_node_read_success,2,0,1000000,4000000,0.1,0,true,4753031.667,466292.274
Adaptive3/halfing:this_node_write,2,0,1000000,4000000,0.1,0,true,921953.500,831.668
Adaptive3/halfing:global_data_read_write,2,0,1000000,4000000,0.1,0,true,0.000,0.000
Adaptive3/halfing:same_set_requests_true,2,0,1000000,4000000,0.1,0,true,0.000,0.000
Adaptive3/halfing:same_set_requests_false,2,0,1000000,4000000,0.1,0,true,0.000,0.000
Adaptive3/halfing:union_requests,2,0,1000000,4000000,0.1,0,true,4000000.000,0.000
Adaptive3/halfing:hist_begin,2,0,1000000,4000000,0.1,0,true,1836,0
Adaptive3/halfing:hist_end,2,0,1000000,4000000,0.1,0,true,1872,0
Adaptive3/halfing,2,1,1000000,400,0.1,0.9999,true,623484.668,242868.389
Adaptive3/halfing:cross_node_read,2,1,1000000,400,0.1,0.9999,true,3714980.833,3275.650
Adaptive3/halfing:this_node_read,2,1,1000000,400,0.1,0.9999,true,24497017.000,921086.960
Adaptive3/halfing:cross_node_write,2,1,1000000,400,0.1,0.9999,true,0.000,0.000
Adaptive3/halfing:this_node_read_success,2,1,1000000,400,0.1,0.9999,true,20779607.667,917960.905
Adaptive3/halfing:this_node_write,2,1,1000000,400,0.1,0.9999,true,271220.667,2581.506
Adaptive3/halfing:global_data_read_write,2,1,1000000,400,0.1,0.9999,true,0.000,0.000
Adaptive3/halfing:same_set_requests_true,2,1,1000000,400,0.1,0.9999,true,3996868.500,38.888
Adaptive3/halfing:same_set_requests_false,2,1,1000000,400,0.1,0.9999,true,2740.500,48.747
Adaptive3/halfing:union_requests,2,1,1000000,400,0.1,0.9999,true,4000000.000,0.000
Adaptive3/halfing:hist_begin,2,1,1000000,400,0.1,0.9999,true,1872,0
Adaptive3/halfing:hist_end,2,1,1000000,400,0.1,0.9999,true,1908,0
Adaptive3/halfing,2,2,1000000,400,0.1,0.9999,true,775808.430,242677.336
Adaptive3/halfing:cross_node_read,2,2,1000000,400,0.1,0.9999,true,2703318.000,8600.612
Adaptive3/halfing:this_node_read,2,2,1000000,400,0.1,0.9999,true,15087350.500,46333.894
Adaptive3/halfing:cross_node_write,2,2,1000000,400,0.1,0.9999,true,0.000,0.000
Adaptive3/halfing:this_node_read_success,2,2,1000000,400,0.1,0.9999,true,12382047.000,37843.933
Adaptive3/halfing:this_node_write,2,2,1000000,400,0.1,0.9999,true,926053.833,20152.720
Adaptive3/halfing:global_data_read_write,2,2,1000000,400,0.1,0.9999,true,0.000,0.000
Adaptive3/halfing:same_set_requests_true,2,2,1000000,400,0.1,0.9999,true,3996844.000,83.254
Adaptive3/halfing:same_set_requests_false,2,2,1000000,400,0.1,0.9999,true,2740.000,63.536
Adaptive3/halfing:union_requests,2,2,1000000,400,0.1,0.9999,true,4000000.000,0.000
Adaptive3/halfing:hist_begin,2,2,1000000,400,0.1,0.9999,true,1908,0
Adaptive3/halfing:hist_end,2,2,1000000,400,0.1,0.9999,true,1944,0
ParallelUnions/squashing,2,0,1000000,4000000,0.1,0,true,1159754.674,128836.030
ParallelUnions/squashing:cross_node_read,2,0,1000000,4000000,0.1,0,true,999730.000,29.251
ParallelUnions/squashing:this_node_read,2,0,1000000,4000000,0.1,0,true,25114462.167,849109.296
ParallelUnions/squashing:cross_node_write,2,0,1000000,4000000,0.1,0,true,1999326.000,28.482
ParallelUnions/squashing:this_node_read_success,2,0,1000000,4000000,0.1,0,true,0.000,0.000
ParallelUnions/squashing:this_node_write,2,0,1000000,4000000,0.1,0,true,1999326.000,28.482
ParallelUnions/squashing:global_data_read_write,2,0,1000000,4000000,0.1,0,true,2000625.333,146.688
ParallelUnions/squashing:same_set_requests_true,2,0,1000000,4000000,0.1,0,true,0.000,0.000
ParallelUnions/squashing:same_set_requests_false,2,0,1000000,4000000,0.1,0,true,0.000,0.000
ParallelUnions/squashing:union_requests,2,0,1000000,4000000,0.1,0,true,4000000.000,0.000
ParallelUnions/squashing:hist_begin,2,0,1000000,4000000,0.1,0,true,1944,0
ParallelUnions/squashing:hist_end,2,0,1000000,4000000,0.1,0,true,1980,0
ParallelUnions/squashing,2,1,1000000,400,0.1,0.9999,true,2069050.706,391199.746
ParallelUnions/squashing:cross_node_read,2,1,1000000,400,0.1,0.9999,true,0.000,0.000
ParallelUnions/squashing:this_node_read,2,1,1000000,400,0.1,0.9999,true,26406840.333,997057.710
ParallelUnions/squashing:cross_node_write,2,1,1000000,400,0.1,0.9999,true,0.000,0.000
ParallelUnions/squashing:this_node_read_success,2,1,1000000,400,0.1,0.9999,true,0.000,0.000
ParallelUnions/squashing:this_node_write,2,1,1000000,400,0.1,0.9999,true,0.000,0.000
ParallelUnions/squashing:global_data_read_write,2,1,1000000,400,0.1,0.9999,true,0.000,0.000
ParallelUnions/squashing:same_set_requests_true,2,1,1000000,400,0.1,0.9999,true,3996868.500,38.888
ParallelUnions/squashing:same_set_requests_false,2,1,1000000,400,0.1,0.9999,true,2740.500,48.747
ParallelUnions/squashing:union_requests,2,1,1000000,400,0.1,0.9999,true,4000000.000,0.000
ParallelUnions/squashing:hist_begin,2,1,1000000,400,0.1,0.9999,true,1980,0
ParallelUnions/squashing:hist_end,2,1,1000000,400,0.1,0.9999,true,2016,0
ParallelUnions/squashing,2,2,1000000,400,0.1,0.9999,true,2418233.941,216011.958
ParallelUnions/squashing:cross_node_read,2,2,1000000,400,0.1,0.9999,true,0.500,0.548
ParallelUnions/squashing:this_node_read,2,2,1000000,400,0.1,0.9999,true,5307381.167,56993.277
ParallelUnions/squashing:cross_node_write,2,2,1000000,400,0.1,0.9999,true,1.000,1.095
ParallelUnions/squashing:this_node_read_success,2,2,1000000,400,0.1,0.9999,true,0.000,0.000
ParallelUnions/squashing:this_node_write,2,2,1000000,400,0.1,0.9999,true,1135186.500,16405.203
ParallelUnions/squashing:global_data_read_write,2,2,1000000,400,0.1,0.9999,true,1.000,1.095
ParallelUnions/squashing:same_set_requests_true,2,2,1000000,400,0.1,0.9999,true,3996844.833,82.342
ParallelUnions/squashing:same_set_requests_false,2,2,1000000,400,0.1,0.9999,true,2739.167,62.624
ParallelUnions/squashing:union_requests,2,2,1000000,400,0.1,0.9999,true,4000000.000,0.000
ParallelUnions/squashing:hist_begin,2,2,1000000,400,0.1,0.9999,true,2016,0
ParallelUnions/squashing:hist_end,2,2,1000000,400,0.1,0.9999,true,2052,0
Adaptive2/squashing,2,0,1000000,4000000,0.1,0,true,832167.868,232148.340
Adaptive2/squashing:cross_node_read,2,0,1000000,4000000,0.1,0,true,7529594.333,1235214.327
Adaptive2/squashing:this_node_read,2,0,1000000,4000000,0.1,0,true,35415386.000,2604490.004
Adaptive2/squashing:cross_node_write,2,0,1000000,4000000,0.1,0,true,77978.500,1107.116
Adaptive2/squashing:this_node_read_success,2,0,1000000,4000000,0.1,0,true,6518007.833,971506.308
Adaptive2/squashing:this_node_write,2,0,1000000,4000000,0.1,0,true,921859.500,1096.740
Adaptive2/squashing:global_data_read_write,2,0,1000000,4000000,0.1,0,true,0.000,0.000
Adaptive2/squashing:same_set_requests_true,2,0,1000000,4000000,0.1,0,true,0.000,0.000
Adaptive2/squashing:same_set_requests_false,2,0,1000000,4000000,0.1,0,true,0.000,0.000
Adaptive2/squashing:union_requests,2,0,1000000,4000000,0.1,0,true,4000000.000,0.000
Adaptive2/squashing:hist_begin,2,0,1000000,4000000,0.1,0,true,2052,0
Adaptive2/squashing:hist_end,2,0,1000000,4000000,0.1,0,true,2088,0
Adaptive2/squashing,2,1,1000000,400,0.1,0.9999,true,950486.122,287463.551
Adaptive2/squashing:cross_node_read,2,1,1000000,400,0.1,0.9999,true,9135575.167,1568345.799
Adaptive2/squashing:this_node_read,2,1,1000000,400,0.1,0.9999,true,34207143.333,3142260.189
Adaptive2/squashing:cross_node_write,2,1,1000000,400,0.1,0.9999,true,0.000,0.000
Adaptive2/squashing:this_node_read_success,2,1,1000000,400,0.1,0.9999,true,4924209.167,1260466.951
Adaptive2/squashing:this_node_write,2,1,1000000,400,0.1,0.9999,true,0.000,0.000
Adaptive2/squashing:global_data_read_write,2,1,1000000,400,0.1,0.9999,true,0.000,0.000
Adaptive2/squashing:same_set_requests_true,2,1,1000000,400,0.1,0.9999,true,3996868.500,38.888
Adaptive2/squashing:same_set_requests_false,2,1,1000000,400,0.1,0.9999,true,2740.500,48.747
Adaptive2/squashing:union_requests,2,1,1000000,400,0.1,0.9999,true,4000000.000,0.000
Adaptive2/squashing:hist_begin,2,1,1000000,400,0.1,0.9999,true,2088,0
Adaptive2/squashing:hist_end,2,1,1000000,400,0.1,0.9999,true,2124,0
Adaptive2/squashing,2,2,1000000,400,0.1,0.9999,true,1461735.411,293897.658
Adaptive2/squashing:cross_node_read,2,2,1000000,400,0.1,0.9999,true,2697614.500,106553.593
Adaptive2/squashing:this_node_read,2,2,1000000,400,0.1,0.9999,true,18459131.500,190449.446
Adaptive2/squashing:cross_node_write,2,2,1000000,400,0.1,0.9999,true,0.000,0.000
Adaptive2/squashing:this_node_read_success,2,2,1000000,400,0.1,0.9999,true,638348.167,19631.202
Adaptive2/squashing:this_node_write,2,2,1000000,400,0.1,0.9999,true,802214.500,33323.261
Adaptive2/squashing:global_data_read_write,2,2,1000000,400,0.1,0.9999,true,0.000,0.000
Adaptive2/squashing:same_set_requests_true,2,2,1000000,400,0.1,0.9999,true,3996844.000,83.254
Adaptive2/squashing:same_set_requests_false,2,2,1000000,400,0.1,0.9999,true,2740.000,63.536
Adaptive2/squashing:union_requests,2,2,1000000,400,0.1,0.9999,true,4000000.000,0.000
Adaptive2/squashing:hist_begin,2,2,1000000,400,0.1,0.9999,true,2124,0
Adaptive2/squashing:hist_end,2,2,1000000,400,0.1,0.9999,true,2160,0
Adaptive3/squashing,2,0,1000000,4000000,0.1,0,true,779876.934,186578.604
Adaptive3/squashing:cross_node_read,2,0,1000000,4000000,0.1,0,true,8136200.833,1133977.517
Adaptive3/squashing:this_node_read,2,0,1000000,4000000,0.1,0,true,36509665.167,2161636.390
Adaptive3/squashing:cross_node_write,2,0,1000000,4000000,0.1,0,true,77670.667,195.785
Adaptive3/squashing:this_node_read_success,2,0,1000000,4000000,0.1,0,true,6891822.500,967123.142
Adaptive3/squashing:this_node_write,2,0,1000000,4000000,0.1,0,true,922172.000,179.782
Adaptive3/squashing:global_data_read_write,2,0,1000000,4000000,0.1,0,true,0.000,0.000
Adaptive3/squashing:same_set_requests_true,2,0,1000000,4000000,0.1,0,true,0.000,0.000
Adaptive3/squashing:same_set_requests_false,2,0,1000000,4000000,0.1,0,true,0.000,0.000
Adaptive3/squashing:union_requests,2,0,1000000,4000000,0.1,0,true,4000000.000,0.000
Adaptive3/squashing:hist_begin,2,0,1000000,4000000,0.1,0,true,2160,0
Adaptive3/squashing:hist_end,2,0,1000000,4000000,0.1,0,true,2196,0
Adaptive3/squashing,2,1,1000000,400,0.1,0.9999,true,532970.311,187258.695
Adaptive3/squashing:cross_node_read,2,1,1000000,400,0.1,0.9999,true,3707247.833,33234.935
Adaptive3/squashing:this_node_read,2,1,1000000,400,0.1,0.9999,true,28644356.833,1702732.138
Adaptive3/squashing:cross_node_write,2,1,1000000,400,0.1,0.9999,true,0.000,0.000
Adaptive3/squashing:this_node_read_success,2,1,1000000,400,0.1,0.9999,true,24934286.500,1693910.884
Adaptive3/squashing:this_node_write,2,1,1000000,400,0.1,0.9999,true,291271.000,4231.971
Adaptive3/squashing:global_data_read_write,2,1,1000000,400,0.1,0.9999,true,0.000,0.000
Adaptive3/squashing:same_set_requests_true,2,1,1000000,400,0.1,0.9999,true,3996868.500,38.888
Adaptive3/squashing:same_set_requests_false,2,1,1000000,400,0.1,0.9999,true,2740.500,48.747
Adaptive3/squashing:union_requests,2,1,1000000,400,0.1,0.9999,true,4000000.000,0.000
Adaptive3/squashing:hist_begin,2,1,1000000,400,0.1,0.9999,true,2196,0
Adaptive3/squashing:hist_end,2,1,1000000,400,0.1,0.9999,true,2232,0
Adaptive3/squashing,2,2,1000000,400,0.1,0.9999,true,701679.701,176572.934
Adaptive3/squashing:cross_node_read,2,2,1000000,400,0.1,0.9999,true,2400519.833,3906.126
Adaptive3/squashing:this_node_read,2,2,1000000,400,0.1,0.9999,true,15554168.167,108640.193
Adaptive3/squashing:cross_node_write,2,2,1000000,400,0.1,0.9999,true,0.000,0.000
Adaptive3/squashing:this_node_read_success,2,2,1000000,400,0.1,0.9999,true,13151500.333,111583.863
Adaptive3/squashing:this_node_write,2,2,1000000,400,0.1,0.9999,true,1058650.167,33952.640
Adaptive3/squashing:global_data_read_write,2,2,1000000,400,0.1,0.9999,true,0.000,0.000
Adaptive3/squashing:same_set_requests_true,2,2,1000000,400,0.1,0.9999,true,3996844.000,83.254
Adaptive3/squashing:same_set_requests_false,2,2,1000000,400,0.1,0.9999,true,2740.000,63.536
Adaptive3/squashing:union_requests,2,2,1000000,400,0.1,0.9999,true,4000000.000,0.000
Adaptive3/squashing:hist_begin,2,2,1000000,400,0.1,0.9999,true,2232,0
Adaptive3/squashing:hist_end,2,2,1000000,400,0.1,0.9999,true,2268,0
Usual,3,0,1000000,16000000,0.1,0,true,2506420.667,161257.337
Usual:cross_node_read,3,0,1000000,16000000,0.1,0,true,0.000,0.000
Usual:this_node_read,3,0,1000000,16000000,0.1,0,true,0.000,0.000
Usual:cross_node_write,3,0,1000000,16000000,0.1,0,true,0.000,0.000
Usual:this_node_read_success,3,0,1000000,16000000,0.1,0,true,0.000,0.000
Usual:this_node_write,3,0,1000000,16000000,0.1,0,true,0.000,0.000
Usual:global_data_read_write,3,0,1000000,16000000,0.1,0,true,0.000,0.000
Usual:same_set_requests_true,3,0,1000000,16000000,0.1,0,true,0.000,0.000
Usual:same_set_requests_false,3,0,1000000,16000000,0.1,0,true,0.000,0.000
Usual:union_requests,3,0,1000000,16000000,0.1,0,true,16000000.000,0.000
Usual:hist_begin,3,0,1000000,16000000,0.1,0,true,2268,0
Usual:hist_end,3,0,1000000,16000000,0.1,0,true,2304,0
Usual,3,1,1000000,400,0.1,0.9999,true,2951981.491,396460.669
Usual:cross_node_read,3,1,1000000,400,0.1,0.9999,true,0.000,0.000
Usual:this_node_read,3,1,1000000,400,0.1,0.9999,true,0.000,0.000
Usual:cross_node_write,3,1,1000000,400,0.1,0.9999,true,0.000,0.000
Usual:this_node_read_success,3,1,1000000,400,0.1,0.9999,true,0.000,0.000
Usual:this_node_write,3,1,1000000,400,0.1,0.9999,true,0.000,0.000
Usual:global_data_read_write,3,1,1000000,400,0.1,0.9999,true,0.000,0.000
Usual:same_set_requests_true,3,1,1000000,400,0.1,0.9999,true,3999589.500,2.739
Usual:same_set_requests_false,3,1,1000000,400,0.1,0.9999,true,0.000,0.000
Usual:union_requests,3,1,1000000,400,0.1,0.9999,true,4000000.000,0.000
Usual:hist_begin,3,1,1000000,400,0.1,0.9999,true,2304,0
Usual:hist_end,3,1,1000000,400,0.1,0.9999,true,2340,0
Usual,3,2,1000000,400,0.1,0.9999,true,2963019.176,393914.898
Usual:cross_node_read,3,2,1000000,400,0.1,0.9999,true,0.000,0.000
Usual:this_node_read,3,2,1000000,400,0.1,0.9999,true,0.000,0.000
Usual:cross_node_write,3,2,1000000,400,0.1,0.9999,true,0.000,0.000
Usual:this_node_read_success,3,2,1000000,400,0.1,0.9999,true,0.000,0.000
Usual:this_node_write,3,2,1000000,400,0.1,0.9999,true,0.000,0.000
Usual:global_data_read_write,3,2,1000000,400,0.1,0.9999,true,0.000,0.000
Usual:same_set_requests_true,3,2,1000000,400,0.1,0.9999,true,3999595.000,3.286
Usual:same_set_requests_false,3,2,1000000,400,0.1,0.9999,true,0.000,0.000
Usual:union_requests,3,2,1000000,400,0.1,0.9999,true,4000000.000,0.000
Usual:hist_begin,3,2,1000000,400,0.1,0.9999,true,2340,0
Usual:hist_end,3,2,1000000,400,0.1,0.9999,true,2376,0
ParallelUnions/halfing,3,0,1000000,16000000,0.1,0,true,1789885.634,278090.316
ParallelUnions/halfing:cross_node_read,3,0,1000000,16000000,0.1,0,true,1000097.833,18.498
ParallelUnions/halfing:this_node_read,3,0,1000000,16000000,0.1,0,true,143665546.667,9816710.372
ParallelUnions/halfing:cross_node_write,3,0,1000000,16000000,0.1,0,true,1999998.000,0.000
ParallelUnions/halfing:this_node_read_success,3,0,1000000,16000000,0.1,0,true,0.000,0.000
ParallelUnions/halfing:this_node_write,3,0,1000000,16000000,0.1,0,true,1999998.000,0.000
ParallelUnions/halfing:global_data_read_write,3,0,1000000,16000000,0.1,0,true,2001653.833,194.467
ParallelUnions/halfing:same_set_requests_true,3,0,1000000,16000000,0.1,0,true,0.000,0.000
ParallelUnions/halfing:same_set_requests_false,3,0,1000000,16000000,0.1,0,true,0.000,0.000
ParallelUnions/halfing:union_requests,3,0,1000000,16000000,0.1,0,true,16000000.000,0.000
ParallelUnions/halfing:hist_begin,3,0,1000000,16000000,0.1,0,true,2376,0
ParallelUnions/halfing:hist_end,3,0,1000000,16000000,0.1,0,true,2412,0
ParallelUnions/halfing,3,1,1000000,400,0.1,0.9999,true,2042599.413,373259.414
ParallelUnions/halfing:cross_node_read,3,1,1000000,400,0.1,0.9999,true,0.000,0.000
ParallelUnions/halfing:this_node_read,3,1,1000000,400,0.1,0.9999,true,37020949.000,2581630.243
ParallelUnions/halfing:cross_node_write,3,1,1000000,400,0.1,0.9999,true,0.000,0.000
ParallelUnions/halfing:this_node_read_success,3,1,1000000,400,0.1,0.9999,true,0.000,0.000
ParallelUnions/halfing:this_node_write,3,1,1000000,400,0.1,0.9999,true,0.000,0.000
ParallelUnions/halfing:global_data_read_write,3,1,1000000,400,0.1,0.9999,true,0.000,0.000
ParallelUnions/halfing:same_set_requests_true,3,1,1000000,400,0.1,0.9999,true,3999589.500,2.739
ParallelUnions/halfing:same_set_requests_false,3,1,1000000,400,0.1,0.9999,true,0.000,0.000
ParallelUnions/halfing:union_requests,3,1,1000000,400,0.1,0.9999,true,4000000.000,0.000
ParallelUnions/halfing:hist_begin,3,1,1000000,400,0.1,0.9999,true,2412,0
ParallelUnions/halfing:hist_end,3,1,1000000,400,0.1,0.9999,true,2448,0
ParallelUnions/halfing,3,2,1000000,400,0.1,0.9999,true,2117707.947,199673.414
ParallelUnions/halfing:cross_node_read,3,2,1000000,400,0.1,0.9999,true,0.000,0.000
ParallelUnions/halfing:this_node_read,3,2,1000000,400,0.1,0.9999,true,7777446.667,16864.603
ParallelUnions/halfing:cross_node_write,3,2,1000000,400,0.1,0.9999,true,0.000,0.000
ParallelUnions/halfing:this_node_read_success,3,2,1000000,400,0.1,0.9999,true,0.000,0.000
ParallelUnions/halfing:this_node_write,3,2,1000000,400,0.1,0.9999,true,1580235.333,3820.201
ParallelUnions/halfing:global_data_read_write,3,2,1000000,400,0.1,0.9999,true,0.000,0.000
ParallelUnions/halfing:same_set_requests_true,3,2,1000000,400,0.1,0.9999,true,3999595.000,3.286
ParallelUnions/halfing:same_set_requests_false,3,2,1000000,400,0.1,0.9999,true,0.000,0.000
ParallelUnions/halfing:union_requests,3,2,1000000,400,0.1,0.9999,true,4000000.000,0.000
ParallelUnions/halfing:hist_begin,3,2,1000000,400,0.1,0.9999,true,2448,0
ParallelUnions/halfing:hist_end,3,2,1000000,400,0.1,0.9999,true,2484,0
Adaptive2/halfing,3,0,1000000,16000000,0.1,0,true,717780.951,197452.620
Adaptive2/halfing:cross_node_read,3,0,1000000,16000000,0.1,0,true,50949656.500,6714343.581
Adaptive2/halfing:this_node_read,3,0,1000000,16000000,0.1,0,true,182836411.000,13750139.319
Adaptive2/halfing:cross_node_write,3,0,1000000,16000000,0.1,0,true,78160.167,534.551
Adaptive2/halfing:this_node_read_success,3,0,1000000,16000000,0.1,0,true,32733275.833,9290876.151
Adaptive2/halfing:this_node_write,3,0,1000000,16000000,0.1,0,true,922033.833,536.201
Adaptive2/halfing:global_data_read_write,3,0,1000000,16000000,0.1,0,true,0.000,0.000
Adaptive2/halfing:same_set_requests_true,3,0,1000000,16000000,0.1,0,true,0.000,0.000
Adaptive2/halfing:same_set_requests_false,3,0,1000000,16000000,0.1,0,true,0.000,0.000
Adaptive2/halfing:union_requests,3,0,1000000,16000000,0.1,0,true,16000000.000,0.000
Adaptive2/halfing:hist_begin,3,0,1000000,16000000,0.1,0,true,2484,0
Adaptive2/halfing:hist_end,3,0,1000000,16000000,0.1,0,true,2520,0
Adaptive2/halfing,3,1,1000000,400,0.1,0.9999,true,812074.215,222258.074
Adaptive2/halfing:cross_node_read,3,1,1000000,400,0.1,0.9999,true,13266697.167,1734036.984
Adaptive2/halfing:this_node_read,3,1,1000000,400,0.1,0.9999,true,42469933.667,2804880.473
Adaptive2/halfing:cross_node_write,3,1,1000000,400,0.1,0.9999,true,0.000,0.000
Adaptive2/halfing:this_node_read_success,3,1,1000000,400,0.1,0.9999,true,8035350.833,2346076.300
Adaptive2/halfing:this_node_write,3,1,1000000,400,0.1,0.9999,true,0.000,0.000
Adaptive2/halfing:global_data_read_write,3,1,1000000,400,0.1,0.9999,true,0.000,0.000
Adaptive2/halfing:same_set_requests_true,3,1,1000000,400,0.1,0.9999,true,3999589.500,2.739
Adaptive2/halfing:same_set_requests_false,3,1,1000000,400,0.1,0.9999,true,0.000,0.000
Adaptive2/halfing:union_requests,3,1,1000000,400,0.1,0.9999,true,4000000.000,0.000
Adaptive2/halfing:hist_begin,3,1,1000000,400,0.1,0.9999,true,2520,0
Adaptive2/halfing:hist_end,3,1,1000000,400,0.1,0.9999,true,2556,0
Adaptive2/halfing,3,2,1000000,400,0.1,0.9999,true,1468877.663,203541.286
Adaptive2/halfing:cross_node_read,3,2,1000000,400,0.1,0.9999,true,3179656.833,483258.345
Adaptive2/halfing:this_node_read,3,2,1000000,400,0.1,0.9999,true,18939195.500,200528.757
Adaptive2/halfing:cross_node_write,3,2,1000000,400,0.1,0.9999,true,0.000,0.000
Adaptive2/halfing:this_node_read_success,3,2,1000000,400,0.1,0.9999,true,759440.333,79091.977
Adaptive2/halfing:this_node_write,3,2,1000000,400,0.1,0.9999,true,1039987.667,130680.637
Adaptive2/halfing:global_data_read_write,3,2,1000000,400,0.1,0.9999,true,0.000,0.000
Adaptive2/halfing:same_set_requests_true,3,2,1000000,400,0.1,0.9999,true,3999595.000,3.286
Adaptive2/halfing:same_set_requests_false,3,2,1000000,400,0.1,0.9999,true,0.000,0.000
Adaptive2/halfing:union_requests,3,2,1000000,400,0.1,0.9999,true,4000000.000,0.000
Adaptive2/halfing:hist_begin,3,2,1000000,400,0.1,0.9999,true,2556,0
Adaptive2/halfing:hist_end,3,2,1000000,400,0.1,0.9999,true,2592,0
Adaptive3/halfing,3,0,1000000,16000000,0.1,0,true,807744.848,268302.669
Adaptive3/halfing:cross_node_read,3,0,1000000,16000000,0.1,0,true,45794074.500,7091293.811
Adaptive3/halfing:this_node_read,3,0,1000000,16000000,0.1,0,true,177429432.500,13851618.951
Adaptive3/halfing:cross_node_write,3,0,1000000,16000000,0.1,0,true,79723.667,310.111
Adaptive3/halfing:this_node_read_success,3,0,1000000,16000000,0.1,0,true,29309445.167,9658245.959
Adaptive3/halfing:this_node_write,3,0,1000000,16000000,0.1,0,true,920470.167,330.898
Adaptive3/halfing:global_data_read_write,3,0,1000000,16000000,0.1,0,true,0.000,0.000
Adaptive3/halfing:same_set_requests_true,3,0,1000000,16000000,0.1,0,true,0.000,0.000
Adaptive3/halfing:same_set_requests_false,3,0,1000000,16000000,0.1,0,true,0.000,0.000
Adaptive3/halfing:union_requests,3,0,1000000,16000000,0.1,0,true,16000000.000,0.000
Adaptive3/halfing:hist_begin,3,0,1000000,16000000,0.1,0,true,2592,0
Adaptive3/halfing:hist_end,3,0,1000000,16000000,0.1,0,true,2628,0
Adaptive3/halfing,3,1,1000000,400,0.1,0.9999,true,528652.201,189097.028
Adaptive3/halfing:cross_node_read,3,1,1000000,400,0.1,0.9999,true,3900955.333,82517.459
Adaptive3/halfing:this_node_read,3,1,1000000,400,0.1,0.9999,true,34464115.000,1354671.288
Adaptive3/halfing:cross_node_write,3,1,1000000,400,0.1,0.9999,true,0.000,0.000
Adaptive3/halfing:this_node_read_success,3,1,1000000,400,0.1,0.9999,true,30559610.333,1436286.858
Adaptive3/halfing:this_node_write,3,1,1000000,400,0.1,0.9999,true,316382.333,5056.532
Adaptive3/halfing:global_data_read_write,3,1,1000000,400,0.1,0.9999,true,0.000,0.000
Adaptive3/halfing:same_set_requests_true,3,1,1000000,400,0.1,0.9999,true,3999589.500,2.739
Adaptive3/halfing:same_set_requests_false,3,1,1000000,400,0.1,0.9999,true,0.000,0.000
Adaptive3/halfing:union_requests,3,1,1000000,400,0.1,0.9999,true,4000000.000,0.000
Adaptive3/halfing:hist_begin,3,1,1000000,400,0.1,0.9999,true,2628,0
Adaptive3/halfing:hist_end,3,1,1000000,400,0.1,0.9999,true,2664,0
Adaptive3/halfing,3,2,1000000,400,0.1,0.9999,true,712898.370,194291.041
Adaptive3/halfing:cross_node_read,3,2,1000000,400,0.1,0.9999,true,2793789.000,13501.055
Adaptive3/halfing:this_node_read,3,2,1000000,400,0.1,0.9999,true,16246575.667,23318.079
Adaptive3/halfing:cross_node_write,3,2,1000000,400,0.1,0.9999,true,0.000,0.000
Adaptive3/halfing:this_node_read_success,3,2,1000000,400,0.1,0.9999,true,13450731.833,33239.209
Adaptive3/halfing:this_node_write,3,2,1000000,400,0.1,0.9999,true,1307264.667,7150.444
Adaptive3/halfing:global_data_read_write,3,2,1000000,400,0.1,0.9999,true,0.000,0.000
Adaptive3/halfing:same_set_requests_true,3,2,1000000,400,0.1,0.9999,true,3999595.000,3.286
Adaptive3/halfing:same_set_requests_false,3,2,1000000,400,0.1,0.9999,true,0.000,0.000
Adaptive3/halfing:union_requests,3,2,1000000,400,0.1,0.9999,true,4000000.000,0.000
Adaptive3/halfing:hist_begin,3,2,1000000,400,0.1,0.9999,true,2664,0
Adaptive3/halfing:hist_end,3,2,1000000,400,0.1,0.9999,true,2700,0
ParallelUnions/squashing,3,0,1000000,16000000,0.1,0,true,1874912.936,213530.039
ParallelUnions/squashing:cross_node_read,3,0,1000000,16000000,0.1,0,true,1000111.333,15.642
ParallelUnions/squashing:this_node_read,3,0,1000000,16000000,0.1,0,true,137697204.167,21393633.656
ParallelUnions/squashing:cross_node_write,3,0,1000000,16000000,0.1,0,true,1999998.000,0.000
ParallelUnions/squashing:this_node_read_success,3,0,1000000,16000000,0.1,0,true,0.000,0.000
ParallelUnions/squashing:this_node_write,3,0,1000000,16000000,0.1,0,true,1999998.000,0.000
ParallelUnions/squashing:global_data_read_write,3,0,1000000,16000000,0.1,0,true,2001423.500,214.114
ParallelUnions/squashing:same_set_requests_true,3,0,1000000,16000000,0.1,0,true,0.000,0.000
ParallelUnions/squashing:same_set_requests_false,3,0,1000000,16000000,0.1,0,true,0.000,0.000
ParallelUnions/squashing:union_requests,3,0,1000000,16000000,0.1,0,true,16000000.000,0.000
ParallelUnions/squashing:hist_begin,3,0,1000000,16000000,0.1,0,true,2700,0
ParallelUnions/squashing:hist_end,3,0,1000000,16000000,0.1,0,true,2736,0
ParallelUnions/squashing,3,1,1000000,400,0.1,0.9999,true,2186022.591,287400.545
ParallelUnions/squashing:cross_node_read,3,1,1000000,400,0.1,0.9999,true,0.000,0.000
ParallelUnions/squashing:this_node_read,3,1,1000000,400,0.1,0.9999,true,35411805.000,5924457.826
ParallelUnions/squashing:cross_node_write,3,1,1000000,400,0.1,0.9999,true,0.000,0.000
ParallelUnions/squashing:this_node_read_success,3,1,1000000,400,0.1,0.9999,true,0.000,0.000
ParallelUnions/squashing:this_node_write,3,1,1000000,400,0.1,0.9999,true,0.000,0.000
ParallelUnions/squashing:global_data_read_write,3,1,1000000,400,0.1,0.9999,true,0.000,0.000
ParallelUnions/squashing:same_set_requests_true,3,1,1000000,400,0.1,0.9999,true,3999589.500,2.739
ParallelUnions/squashing:same_set_requests_false,3,1,1000000,400,0.1,0.9999,true,0.000,0.000
ParallelUnions/squashing:union_requests,3,1,1000000,400,0.1,0.9999,true,4000000.000,0.000
ParallelUnions/squashing:hist_begin,3,1,1000000,400,0.1,0.9999,true,2736,0
ParallelUnions/squashing:hist_end,3,1,1000000,400,0.1,0.9999,true,2772,0
ParallelUnions/squashing,3,2,1000000,400,0.1,0.9999,true,2188860.121,330750.289
ParallelUnions/squashing:cross_node_read,3,2,1000000,400,0.1,0.9999,true,0.000,0.000
ParallelUnions/squashing:this_node_read,3,2,1000000,400,0.1,0.9999,true,6565006.667,1234628.729
ParallelUnions/squashing:cross_node_write,3,2,1000000,400,0.1,0.9999,true,0.000,0.000
ParallelUnions/squashing:this_node_read_success,3,2,1000000,400,0.1,0.9999,true,0.000,0.000
ParallelUnions/squashing:this_node_write,3,2,1000000,400,0.1,0.9999,true,1463420.000,315204.109
ParallelUnions/squashing:global_data_read_write,3,2,1000000,400,0.1,0.9999,true,0.000,0.000
ParallelUnions/squashing:same_set_requests_true,3,2,1000000,400,0.1,0.9999,true,3999595.000,3.286
ParallelUnions/squashing:same_set_requests_false,3,2,1000000,400,0.1,0.9999,true,0.000,0.000
ParallelUnions/squashing:union_requests,3,2,1000000,400,0.1,0.9999,true,4000000.000,0.000
ParallelUnions/squashing:hist_begin,3,2,1000000,400,0.1,0.9999,true,2772,0
ParallelUnions/squashing:hist_end,3,2,1000000,400,0.1,0.9999,true,2808,0
Adaptive2/squashing,3,0,1000000,16000000,0.1,0,true,893004.812,274188.500
Adaptive2/squashing:cross_node_read,3,0,1000000,16000000,0.1,0,true,35730645.333,4944920.080
Adaptive2/squashing:this_node_read,3,0,1000000,16000000,0.1,0,true,154173689.500,9883951.937
Adaptive2/squashing:cross_node_write,3,0,1000000,16000000,0.1,0,true,77683.167,605.211
Adaptive2/squashing:this_node_read_success,3,0,1000000,16000000,0.1,0,true,23025771.167,6249778.526
Adaptive2/squashing:this_node_write,3,0,1000000,16000000,0.1,0,true,922499.667,598.766
Adaptive2/squashing:global_data_read_write,3,0,1000000,16000000,0.1,0,true,0.000,0.000
Adaptive2/squashing:same_set_requests_true,3,0,1000000,16000000,0.1,0,true,0.000,0.000
Adaptive2/squashing:same_set_requests_false,3,0,1000000,16000000,0.1,0,true,0.000,0.000
Adaptive2/squashing:union_requests,3,0,1000000,16000000,0.1,0,true,16000000.000,0.000
Adaptive2/squashing:hist_begin,3,0,1000000,16000000,0.1,0,true,2808,0
Adaptive2/squashing:hist_end,3,0,1000000,16000000,0.1,0,true,2844,0
Adaptive2/squashing,3,1,1000000,400,0.1,0.9999,true,991473.665,293510.917
Adaptive2/squashing:cross_node_read,3,1,1000000,400,0.1,0.9999,true,8981115.667,1171525.223
Adaptive2/squashing:this_node_read,3,1,1000000,400,0.1,0.9999,true,35125162.833,1601559.700
Adaptive2/squashing:cross_node_write,3,1,1000000,400,0.1,0.9999,true,0.000,0.000
Adaptive2/squashing:this_node_read_success,3,1,1000000,400,0.1,0.9999,true,5422751.167,1566617.441
Adaptive2/squashing:this_node_write,3,1,1000000,400,0.1,0.9999,true,0.000,0.000
Adaptive2/squashing:global_data_read_write,3,1,1000000,400,0.1,0.9999,true,0.000,0.000
Adaptive2/squashing:same_set_requests_true,3,1,1000000,400,0.1,0.9999,true,3999589.500,2.739
Adaptive2/squashing:same_set_requests_false,3,1,1000000,400,0.1,0.9999,true,0.000,0.000
Adaptive2/squashing:union_requests,3,1,1000000,400,0.1,0.9999,true,4000000.000,0.000
Adaptive2/squashing:hist_begin,3,1,1000000,400,0.1,0.9999,true,2844,0
Adaptive2/squashing:hist_end,3,1,1000000,400,0.1,0.9999,true,2880,0
Adaptive2/squashing,3,2,1000000,400,0.1,0.9999,true,1228413.710,212155.085
Adaptive2/squashing:cross_node_read,3,2,1000000,400,0.1,0.9999,true,3197396.500,556957.983
Adaptive2/squashing:this_node_read,3,2,1000000,400,0.1,0.9999,true,19178251.500,32876.035
Adaptive2/squashing:cross_node_write,3,2,1000000,400,0.1,0.9999,true,0.000,0.000
Adaptive2/squashing:this_node_read_success,3,2,1000000,400,0.1,0.9999,true,718209.833,87284.002
Adaptive2/squashing:this_node_write,3,2,1000000,400,0.1,0.9999,true,955683.667,95243.838
Adaptive2/squashing:global_data_read_write,3,2,1000000,400,0.1,0.9999,true,0.000,0.000
Adaptive2/squashing:same_set_requests_true,3,2,1000000,400,0.1,0.9999,true,3999595.000,3.286
Adaptive2/squashing:same_set_requests_false,3,2,1000000,400,0.1,0.9999,true,0.000,0.000
Adaptive2/squashing:union_requests,3,2,1000000,400,0.1,0.9999,true,4000000.000,0.000
Adaptive2/squashing:hist_begin,3,2,1000000,400,0.1,0.9999,true,2880,0
Adaptive2/squashing:hist_end,3,2,1000000,400,0.1,0.9999,true,2916,0
Adaptive3/squashing,3,0,1000000,16000000,0.1,0,true,911232.284,334079.181
Adaptive3/squashing:cross_node_read,3,0,1000000,16000000,0.1,0,true,37160872.500,6505801.829
Adaptive3/squashing:this_node_read,3,0,1000000,16000000,0.1,0,true,161099671.333,12549339.432
Adaptive3/squashing:cross_node_write,3,0,1000000,16000000,0.1,0,true,79898.333,1427.838
Adaptive3/squashing:this_node_read_success,3,0,1000000,16000000,0.1,0,true,24317984.167,6636682.157
Adaptive3/squashing:this_node_write,3,0,1000000,16000000,0.1,0,true,920287.000,1421.023
Adaptive3/squashing:global_data_read_write,3,0,1000000,16000000,0.1,0,true,0.000,0.000
Adaptive3/squashing:same_set_requests_true,3,0,1000000,16000000,0.1,0,true,0.000,0.000
Adaptive3/squashing:same_set_requests_false,3,0,1000000,16000000,0.1,0,true,0.000,0.000
Adaptive3/squashing:union_requests,3,0,1000000,16000000,0.1,0,true,16000000.000,0.000
Adaptive3/squashing:hist_begin,3,0,1000000,16000000,0.1,0,true,2916,0
Adaptive3/squashing:hist_end,3,0,1000000,16000000,0.1,0,true,2952,0
Adaptive3/squashing,3,1,1000000,400,0.1,0.9999,true,542500.240,223622.491
Adaptive3/squashing:cross_node_read,3,1,1000000,400,0.1,0.9999,true,3877757.833,40737.761
Adaptive3/squashing:this_node_read,3,1,1000000,400,0.1,0.9999,true,32050614.500,1817646.385
Adaptive3/squashing:cross_node_write,3,1,1000000,400,0.1,0.9999,true,0.000,0.000
Adaptive3/squashing:this_node_read_success,3,1,1000000,400,0.1,0.9999,true,28169497.333,1848957.380
Adaptive3/squashing:this_node_write,3,1,1000000,400,0.1,0.9999,true,309884.500,9662.787
Adaptive3/squashing:global_data_read_write,3,1,1000000,400,0.1,0.9999,true,0.000,0.000
Adaptive3/squashing:same_set_requests_true,3,1,1000000,400,0.1,0.9999,true,3999589.500,2.739
Adaptive3/squashing:same_set_requests_false,3,1,1000000,400,0.1,0.9999,true,0.000,0.000
Adaptive3/squashing:union_requests,3,1,1000000,400,0.1,0.9999,true,4000000.000,0.000
Adaptive3/squashing:hist_begin,3,1,1000000,400,0.1,0.9999,true,2952,0
Adaptive3/squashing:hist_end,3,1,1000000,400,0.1,0.9999,true,2988,0
Adaptive3/squashing,3,2,1000000,400,0.1,0.9999,true,697699.978,218988.310
Adaptive3/squashing:cross_node_read,3,2,1000000,400,0.1,0.9999,true,2391076.667,8298.341
Adaptive3/squashing:this_node_read,3,2,1000000,400,0.1,0.9999,true,16162952.333,84096.992
Adaptive3/squashing:cross_node_write,3,2,1000000,400,0.1,0.9999,true,0.000,0.000
Adaptive3/squashing:this_node_read_success,3,2,1000000,400,0.1,0.9999,true,13769731.167,91840.179
Adaptive3/squashing:this_node_write,3,2,1000000,400,0.1,0.9999,true,1238061.000,27261.610
Adaptive3/squashing:global_data_read_write,3,2,1000000,400,0.1,0.9999,true,0.000,0.000
Adaptive3/squashing:same_set_requests_true,3,2,1000000,400,0.1,0.9999,true,3999595.000,3.286
Adaptive3/squashing:same_set_requests_false,3,2,1000000,400,0.1,0.9999,true,0.000,0.000
Adaptive3/squashing:union_requests,3,2,1000000,400,0.1,0.9999,true,4000000.000,0.000
Adaptive3/squashing:hist_begin,3,2,1000000,400,0.1,0.9999,true,2988,0
Adaptive3/squashing:hist_end,3,2,1000000,400,0.1,0.9999,true,3024,0
