index,metric,point,value
0,hist_cross_node_find_depth,0,0
1,hist_cross_node_read,0,4444345
2,hist_local_find_depth,0,0
3,hist_find_depth,0,2263140
3,hist_find_depth,1,1247871
3,hist_find_depth,2,92411
3,hist_find_depth,3,11653
3,hist_find_depth,4,1180
3,hist_find_depth,5,104
3,hist_find_depth,6,12
3,hist_find_depth,7,1
4,hist_cross_node_write,0,4444345
5,hist_cross_node_find_depth,0,0
6,hist_cross_node_read,0,4444345
7,hist_local_find_depth,0,0
8,hist_find_depth,0,2260930
8,hist_find_depth,1,1252487
8,hist_find_depth,2,96070
8,hist_find_depth,3,13201
8,hist_find_depth,4,1647
8,hist_find_depth,5,175
8,hist_find_depth,6,12
9,hist_cross_node_write,0,4444345
10,hist_cross_node_find_depth,0,0
11,hist_cross_node_read,0,4444345
12,hist_local_find_depth,0,0
13,hist_find_depth,0,2262619
13,hist_find_depth,1,1249282
13,hist_find_depth,2,93126
13,hist_find_depth,3,11969
13,hist_find_depth,4,1259
13,hist_find_depth,5,92
13,hist_find_depth,6,11
14,hist_cross_node_write,0,4444345
15,hist_cross_node_find_depth,0,0
16,hist_cross_node_read,0,4444345
17,hist_local_find_depth,0,0
18,hist_find_depth,0,2290189
18,hist_find_depth,1,1460722
18,hist_find_depth,2,186720
18,hist_find_depth,3,27907
18,hist_find_depth,4,3213
18,hist_find_depth,5,278
18,hist_find_depth,6,33
19,hist_cross_node_write,0,4444345
20,hist_cross_node_find_depth,0,0
21,hist_cross_node_read,0,4444345
22,hist_local_find_depth,0,0
23,hist_find_depth,0,2250768
23,hist_find_depth,1,1358430
23,hist_find_depth,2,158775
23,hist_find_depth,3,26429
23,hist_find_depth,4,3136
23,hist_find_depth,5,297
23,hist_find_depth,6,13
23,hist_find_depth,7,2
24,hist_cross_node_write,0,4444345
25,hist_cross_node_find_depth,0,0
26,hist_cross_node_read,0,4444345
27,hist_local_find_depth,0,0
28,hist_find_depth,0,2263945
28,hist_find_depth,1,1413815
28,hist_find_depth,2,177777
28,hist_find_depth,3,28175
28,hist_find_depth,4,3310
28,hist_find_depth,5,292
28,hist_find_depth,6,26
28,hist_find_depth,7,4
29,hist_cross_node_write,0,4444345
30,hist_cross_node_find_depth,0,0
31,hist_cross_node_read,0,3444720
31,hist_cross_node_read,1,999522
31,hist_cross_node_read,2,103
32,hist_local_find_depth,0,0
33,hist_find_depth,0,0
33,hist_find_depth,1,7794246
33,hist_find_depth,2,85
33,hist_find_depth,3,1037345
33,hist_find_depth,4,71
33,hist_find_depth,5,54613
33,hist_find_depth,6,49
33,hist_find_depth,7,2086
33,hist_find_depth,8,29
33,hist_find_depth,9,107
33,hist_find_depth,10,8
33,hist_find_depth,11,7
33,hist_find_depth,12,2
33,hist_find_depth,13,10
33,hist_find_depth,14,3
33,hist_find_depth,15,3
33,hist_find_depth,16,1
33,hist_find_depth,17,2
33,hist_find_depth,18,0
33,hist_find_depth,19,4
33,hist_find_depth,20,3
33,hist_find_depth,21,3
33,hist_find_depth,22,1
33,hist_find_depth,23,0
33,hist_find_depth,24,2
33,hist_find_depth,25,2
33,hist_find_depth,26,0
33,hist_find_depth,27,0
33,hist_find_depth,28,0
33,hist_find_depth,29,2
33,hist_find_depth,30,0
33,hist_find_depth,31,0
33,hist_find_depth,32,0
33,hist_find_depth,33,0
33,hist_find_depth,34,0
33,hist_find_depth,35,0
33,hist_find_depth,36,0
33,hist_find_depth,37,0
33,hist_find_depth,38,0
33,hist_find_depth,39,0
33,hist_find_depth,40,0
33,hist_find_depth,41,0
33,hist_find_depth,42,1
33,hist_find_depth,43,0
33,hist_find_depth,44,1
33,hist_find_depth,45,0
33,hist_find_depth,46,0
33,hist_find_depth,47,0
33,hist_find_depth,48,0
33,hist_find_depth,49,1
33,hist_find_depth,50,0
33,hist_find_depth,51,1
33,hist_find_depth,52,0
33,hist_find_depth,53,0
33,hist_find_depth,54,0
33,hist_find_depth,55,0
33,hist_find_depth,56,0
33,hist_find_depth,57,0
33,hist_find_depth,58,0
33,hist_find_depth,59,0
33,hist_find_depth,60,0
33,hist_find_depth,61,0
33,hist_find_depth,62,0
33,hist_find_depth,63,0
33,hist_find_depth,64,0
33,hist_find_depth,65,0
33,hist_find_depth,66,0
33,hist_find_depth,67,0
33,hist_find_depth,68,0
33,hist_find_depth,69,0
33,hist_find_depth,70,0
33,hist_find_depth,71,0
33,hist_find_depth,72,0
33,hist_find_depth,73,0
33,hist_find_depth,74,0
33,hist_find_depth,75,0
33,hist_find_depth,76,0
33,hist_find_depth,77,0
33,hist_find_depth,78,0
33,hist_find_depth,79,0
33,hist_find_depth,80,0
33,hist_find_depth,81,0
33,hist_find_depth,82,0
33,hist_find_depth,83,0
33,hist_find_depth,84,0
33,hist_find_depth,85,0
33,hist_find_depth,86,0
33,hist_find_depth,87,0
33,hist_find_depth,88,0
33,hist_find_depth,89,0
33,hist_find_depth,90,0
33,hist_find_depth,91,0
33,hist_find_depth,92,0
33,hist_find_depth,93,0
33,hist_find_depth,94,0
33,hist_find_depth,95,0
33,hist_find_depth,96,0
33,hist_find_depth,97,0
33,hist_find_depth,98,0
33,hist_find_depth,99,0
33,hist_find_depth,100,0
33,hist_find_depth,101,0
33,hist_find_depth,102,0
33,hist_find_depth,103,0
33,hist_find_depth,104,0
33,hist_find_depth,105,0
33,hist_find_depth,106,0
33,hist_find_depth,107,0
33,hist_find_depth,108,0
33,hist_find_depth,109,0
33,hist_find_depth,110,0
33,hist_find_depth,111,0
33,hist_find_depth,112,0
33,hist_find_depth,113,0
33,hist_find_depth,114,0
33,hist_find_depth,115,0
33,hist_find_depth,116,0
33,hist_find_depth,117,0
33,hist_find_depth,118,0
33,hist_find_depth,119,0
33,hist_find_depth,120,0
33,hist_find_depth,121,0
33,hist_find_depth,122,0
33,hist_find_depth,123,0
33,hist_find_depth,124,0
33,hist_find_depth,125,0
33,hist_find_depth,126,0
33,hist_find_depth,127,0
33,hist_find_depth,128,0
33,hist_find_depth,129,0
33,hist_find_depth,130,0
33,hist_find_depth,131,0
33,hist_find_depth,132,0
33,hist_find_depth,133,0
33,hist_find_depth,134,0
33,hist_find_depth,135,0
33,hist_find_depth,136,0
33,hist_find_depth,137,0
33,hist_find_depth,138,0
33,hist_find_depth,139,0
33,hist_find_depth,140,0
33,hist_find_depth,141,0
33,hist_find_depth,142,0
33,hist_find_depth,143,0
33,hist_find_depth,144,0
33,hist_find_depth,145,0
33,hist_find_depth,146,0
33,hist_find_depth,147,0
33,hist_find_depth,148,0
33,hist_find_depth,149,2
34,hist_cross_node_write,0,3444720
34,hist_cross_node_write,1,0
34,hist_cross_node_write,2,999625
35,hist_cross_node_find_depth,0,0
36,hist_cross_node_read,0,3444720
36,hist_cross_node_read,1,999535
36,hist_cross_node_read,2,90
37,hist_local_find_depth,0,0
38,hist_find_depth,0,0
38,hist_find_depth,1,7820974
38,hist_find_depth,2,81
38,hist_find_depth,3,1011800
38,hist_find_depth,4,91
38,hist_find_depth,5,53323
38,hist_find_depth,6,55
38,hist_find_depth,7,2181
38,hist_find_depth,8,25
38,hist_find_depth,9,92
38,hist_find_depth,10,9
38,hist_find_depth,11,12
38,hist_find_depth,12,6
38,hist_find_depth,13,3
38,hist_find_depth,14,1
38,hist_find_depth,15,8
38,hist_find_depth,16,4
38,hist_find_depth,17,3
38,hist_find_depth,18,0
38,hist_find_depth,19,3
38,hist_find_depth,20,2
38,hist_find_depth,21,5
38,hist_find_depth,22,0
38,hist_find_depth,23,0
38,hist_find_depth,24,0
38,hist_find_depth,25,0
38,hist_find_depth,26,2
38,hist_find_depth,27,0
38,hist_find_depth,28,3
38,hist_find_depth,29,0
38,hist_find_depth,30,1
38,hist_find_depth,31,1
38,hist_find_depth,32,0
38,hist_find_depth,33,1
38,hist_find_depth,34,0
38,hist_find_depth,35,1
38,hist_find_depth,36,0
38,hist_find_depth,37,1
38,hist_find_depth,38,0
38,hist_find_depth,39,0
38,hist_find_depth,40,0
38,hist_find_depth,41,0
38,hist_find_depth,42,0
38,hist_find_depth,43,0
38,hist_find_depth,44,2
39,hist_cross_node_write,0,3444720
39,hist_cross_node_write,1,0
39,hist_cross_node_write,2,999625
40,hist_cross_node_find_depth,0,0
41,hist_cross_node_read,0,3444720
41,hist_cross_node_read,1,999538
41,hist_cross_node_read,2,87
42,hist_local_find_depth,0,0
43,hist_find_depth,0,0
43,hist_find_depth,1,7796858
43,hist_find_depth,2,103
43,hist_find_depth,3,1035918
43,hist_find_depth,4,100
43,hist_find_depth,5,53315
43,hist_find_depth,6,52
43,hist_find_depth,7,2167
43,hist_find_depth,8,27
43,hist_find_depth,9,91
43,hist_find_depth,10,10
43,hist_find_depth,11,14
43,hist_find_depth,12,2
43,hist_find_depth,13,3
43,hist_find_depth,14,1
43,hist_find_depth,15,4
43,hist_find_depth,16,6
43,hist_find_depth,17,3
43,hist_find_depth,18,0
43,hist_find_depth,19,0
43,hist_find_depth,20,1
43,hist_find_depth,21,4
43,hist_find_depth,22,2
43,hist_find_depth,23,2
43,hist_find_depth,24,0
43,hist_find_depth,25,1
43,hist_find_depth,26,1
43,hist_find_depth,27,1
43,hist_find_depth,28,1
43,hist_find_depth,29,1
43,hist_find_depth,30,0
43,hist_find_depth,31,0
43,hist_find_depth,32,1
43,hist_find_depth,33,0
43,hist_find_depth,34,1
44,hist_cross_node_write,0,3444720
44,hist_cross_node_write,1,0
44,hist_cross_node_write,2,999625
45,hist_cross_node_find_depth,0,0
46,hist_cross_node_read,0,3444698
46,hist_cross_node_read,1,999542
46,hist_cross_node_read,2,105
47,hist_local_find_depth,0,0
48,hist_find_depth,0,0
48,hist_find_depth,1,7335359
48,hist_find_depth,2,68
48,hist_find_depth,3,1492101
48,hist_find_depth,4,100
48,hist_find_depth,5,58508
48,hist_find_depth,6,80
48,hist_find_depth,7,2305
48,hist_find_depth,8,28
48,hist_find_depth,9,94
48,hist_find_depth,10,11
48,hist_find_depth,11,12
48,hist_find_depth,12,3
48,hist_find_depth,13,3
48,hist_find_depth,14,3
48,hist_find_depth,15,1
48,hist_find_depth,16,2
48,hist_find_depth,17,2
48,hist_find_depth,18,0
48,hist_find_depth,19,1
48,hist_find_depth,20,1
48,hist_find_depth,21,0
48,hist_find_depth,22,2
48,hist_find_depth,23,1
48,hist_find_depth,24,2
48,hist_find_depth,25,0
48,hist_find_depth,26,0
48,hist_find_depth,27,1
48,hist_find_depth,28,0
48,hist_find_depth,29,0
48,hist_find_depth,30,0
48,hist_find_depth,31,0
48,hist_find_depth,32,0
48,hist_find_depth,33,0
48,hist_find_depth,34,0
48,hist_find_depth,35,0
48,hist_find_depth,36,0
48,hist_find_depth,37,0
48,hist_find_depth,38,0
48,hist_find_depth,39,2
49,hist_cross_node_write,0,3444698
49,hist_cross_node_write,1,0
49,hist_cross_node_write,2,999647
50,hist_cross_node_find_depth,0,0
51,hist_cross_node_read,0,3444698
51,hist_cross_node_read,1,999521
51,hist_cross_node_read,2,126
52,hist_local_find_depth,0,0
53,hist_find_depth,0,0
53,hist_find_depth,1,7370532
53,hist_find_depth,2,93
53,hist_find_depth,3,1454387
53,hist_find_depth,4,82
53,hist_find_depth,5,60969
53,hist_find_depth,6,72
53,hist_find_depth,7,2359
53,hist_find_depth,8,27
53,hist_find_depth,9,114
53,hist_find_depth,10,8
53,hist_find_depth,11,9
53,hist_find_depth,12,3
53,hist_find_depth,13,12
53,hist_find_depth,14,5
53,hist_find_depth,15,3
53,hist_find_depth,16,1
53,hist_find_depth,17,2
53,hist_find_depth,18,0
53,hist_find_depth,19,3
53,hist_find_depth,20,2
53,hist_find_depth,21,2
53,hist_find_depth,22,1
53,hist_find_depth,23,0
53,hist_find_depth,24,0
53,hist_find_depth,25,0
53,hist_find_depth,26,0
53,hist_find_depth,27,1
53,hist_find_depth,28,0
53,hist_find_depth,29,1
53,hist_find_depth,30,0
53,hist_find_depth,31,0
53,hist_find_depth,32,0
53,hist_find_depth,33,0
53,hist_find_depth,34,0
53,hist_find_depth,35,0
53,hist_find_depth,36,0
53,hist_find_depth,37,1
53,hist_find_depth,38,0
53,hist_find_depth,39,1
54,hist_cross_node_write,0,3444698
54,hist_cross_node_write,1,0
54,hist_cross_node_write,2,999647
55,hist_cross_node_find_depth,0,0
56,hist_cross_node_read,0,3444698
56,hist_cross_node_read,1,999555
56,hist_cross_node_read,2,92
57,hist_local_find_depth,0,0
58,hist_find_depth,0,0
58,hist_find_depth,1,7329893
58,hist_find_depth,2,91
58,hist_find_depth,3,1497608
58,hist_find_depth,4,82
58,hist_find_depth,5,58520
58,hist_find_depth,6,40
58,hist_find_depth,7,2307
58,hist_find_depth,8,17
58,hist_find_depth,9,93
58,hist_find_depth,10,5
58,hist_find_depth,11,8
58,hist_find_depth,12,3
58,hist_find_depth,13,0
58,hist_find_depth,14,6
58,hist_find_depth,15,1
58,hist_find_depth,16,3
58,hist_find_depth,17,1
58,hist_find_depth,18,2
58,hist_find_depth,19,1
58,hist_find_depth,20,1
58,hist_find_depth,21,3
58,hist_find_depth,22,0
58,hist_find_depth,23,1
58,hist_find_depth,24,1
58,hist_find_depth,25,0
58,hist_find_depth,26,1
58,hist_find_depth,27,0
58,hist_find_depth,28,0
58,hist_find_depth,29,0
58,hist_find_depth,30,0
58,hist_find_depth,31,0
58,hist_find_depth,32,2
59,hist_cross_node_write,0,3444698
59,hist_cross_node_write,1,0
59,hist_cross_node_write,2,999647
60,hist_cross_node_find_depth,0,6691781
60,hist_cross_node_find_depth,1,2158321
60,hist_cross_node_find_depth,2,25955
60,hist_cross_node_find_depth,3,11968
60,hist_cross_node_find_depth,4,265
60,hist_cross_node_find_depth,5,386
60,hist_cross_node_find_depth,6,7
60,hist_cross_node_find_depth,7,7
61,hist_cross_node_read,0,4119506
61,hist_cross_node_read,1,33672
61,hist_cross_node_read,2,224255
61,hist_cross_node_read,3,13856
61,hist_cross_node_read,4,51014
61,hist_cross_node_read,5,763
61,hist_cross_node_read,6,1115
61,hist_cross_node_read,7,141
61,hist_cross_node_read,8,22
61,hist_cross_node_read,9,1
62,hist_local_find_depth,0,0
62,hist_local_find_depth,1,4787193
62,hist_local_find_depth,2,3205311
62,hist_local_find_depth,3,818791
62,hist_local_find_depth,4,51204
62,hist_local_find_depth,5,25038
62,hist_local_find_depth,6,788
62,hist_local_find_depth,7,355
62,hist_local_find_depth,8,10
63,hist_find_depth,0,0
63,hist_find_depth,1,3082054
63,hist_find_depth,2,4708406
63,hist_find_depth,3,733145
63,hist_find_depth,4,304422
63,hist_find_depth,5,41241
63,hist_find_depth,6,17814
63,hist_find_depth,7,1257
63,hist_find_depth,8,334
63,hist_find_depth,9,16
63,hist_find_depth,10,1
64,hist_cross_node_write,0,4425205
64,hist_cross_node_write,1,19139
64,hist_cross_node_write,2,1
65,hist_cross_node_find_depth,0,6692908
65,hist_cross_node_find_depth,1,2157244
65,hist_cross_node_find_depth,2,26063
65,hist_cross_node_find_depth,3,11818
65,hist_cross_node_find_depth,4,262
65,hist_cross_node_find_depth,5,383
65,hist_cross_node_find_depth,6,7
65,hist_cross_node_find_depth,7,4
65,hist_cross_node_find_depth,8,1
66,hist_cross_node_read,0,4118890
66,hist_cross_node_read,1,32634
66,hist_cross_node_read,2,225817
66,hist_cross_node_read,3,13971
66,hist_cross_node_read,4,51189
66,hist_cross_node_read,5,695
66,hist_cross_node_read,6,1005
66,hist_cross_node_read,7,126
66,hist_cross_node_read,8,15
66,hist_cross_node_read,9,2
66,hist_cross_node_read,10,1
67,hist_local_find_depth,0,0
67,hist_local_find_depth,1,4780232
67,hist_local_find_depth,2,3212596
67,hist_local_find_depth,3,819844
67,hist_local_find_depth,4,49676
67,hist_local_find_depth,5,25234
67,hist_local_find_depth,6,713
67,hist_local_find_depth,7,388
67,hist_local_find_depth,8,4
67,hist_local_find_depth,9,3
68,hist_find_depth,0,0
68,hist_find_depth,1,3077454
68,hist_find_depth,2,4711816
68,hist_find_depth,3,735282
68,hist_find_depth,4,304102
68,hist_find_depth,5,40724
68,hist_find_depth,6,17785
68,hist_find_depth,7,1161
68,hist_find_depth,8,347
68,hist_find_depth,9,15
68,hist_find_depth,10,4
69,hist_cross_node_write,0,4424985
69,hist_cross_node_write,1,19360
70,hist_cross_node_find_depth,0,6693644
70,hist_cross_node_find_depth,1,2156576
70,hist_cross_node_find_depth,2,26120
70,hist_cross_node_find_depth,3,11711
70,hist_cross_node_find_depth,4,250
70,hist_cross_node_find_depth,5,375
70,hist_cross_node_find_depth,6,10
70,hist_cross_node_find_depth,7,4
71,hist_cross_node_read,0,4119300
71,hist_cross_node_read,1,32404
71,hist_cross_node_read,2,225763
71,hist_cross_node_read,3,13915
71,hist_cross_node_read,4,51091
71,hist_cross_node_read,5,688
71,hist_cross_node_read,6,1039
71,hist_cross_node_read,7,129
71,hist_cross_node_read,8,15
71,hist_cross_node_read,9,1
72,hist_local_find_depth,0,0
72,hist_local_find_depth,1,4785144
72,hist_local_find_depth,2,3212408
72,hist_local_find_depth,3,816888
72,hist_local_find_depth,4,49658
72,hist_local_find_depth,5,23572
72,hist_local_find_depth,6,688
72,hist_local_find_depth,7,326
72,hist_local_find_depth,8,6
73,hist_find_depth,0,0
73,hist_find_depth,1,3081134
73,hist_find_depth,2,4713085
73,hist_find_depth,3,732687
73,hist_find_depth,4,303684
73,hist_find_depth,5,39909
73,hist_find_depth,6,16819
73,hist_find_depth,7,1065
73,hist_find_depth,8,293
73,hist_find_depth,9,13
73,hist_find_depth,10,1
74,hist_cross_node_write,0,4424916
74,hist_cross_node_write,1,19429
75,hist_cross_node_find_depth,0,6692707
75,hist_cross_node_find_depth,1,2152537
75,hist_cross_node_find_depth,2,26601
75,hist_cross_node_find_depth,3,15979
75,hist_cross_node_find_depth,4,402
75,hist_cross_node_find_depth,5,453
75,hist_cross_node_find_depth,6,5
75,hist_cross_node_find_depth,7,6
76,hist_cross_node_read,0,4121237
76,hist_cross_node_read,1,36503
76,hist_cross_node_read,2,222033
76,hist_cross_node_read,3,14331
76,hist_cross_node_read,4,46089
76,hist_cross_node_read,5,3057
76,hist_cross_node_read,6,927
76,hist_cross_node_read,7,158
76,hist_cross_node_read,8,10
77,hist_local_find_depth,0,0
77,hist_local_find_depth,1,4487679
77,hist_local_find_depth,2,3081528
77,hist_local_find_depth,3,1198575
77,hist_local_find_depth,4,88230
77,hist_local_find_depth,5,31039
77,hist_local_find_depth,6,1322
77,hist_local_find_depth,7,307
77,hist_local_find_depth,8,7
77,hist_local_find_depth,9,3
78,hist_find_depth,0,0
78,hist_find_depth,1,2794773
78,hist_find_depth,2,4597646
78,hist_find_depth,3,1057113
78,hist_find_depth,4,358530
78,hist_find_depth,5,59212
78,hist_find_depth,6,19504
78,hist_find_depth,7,1564
78,hist_find_depth,8,330
78,hist_find_depth,9,16
78,hist_find_depth,10,2
79,hist_cross_node_write,0,4425799
79,hist_cross_node_write,1,18546
80,hist_cross_node_find_depth,0,6692079
80,hist_cross_node_find_depth,1,2153048
80,hist_cross_node_find_depth,2,26668
80,hist_cross_node_find_depth,3,16066
80,hist_cross_node_find_depth,4,376
80,hist_cross_node_find_depth,5,437
80,hist_cross_node_find_depth,6,10
80,hist_cross_node_find_depth,7,6
81,hist_cross_node_read,0,4120743
81,hist_cross_node_read,1,36978
81,hist_cross_node_read,2,221947
81,hist_cross_node_read,3,14453
81,hist_cross_node_read,4,45945
81,hist_cross_node_read,5,3198
81,hist_cross_node_read,6,908
81,hist_cross_node_read,7,162
81,hist_cross_node_read,8,11
82,hist_local_find_depth,0,0
82,hist_local_find_depth,1,4479506
82,hist_local_find_depth,2,3080501
82,hist_local_find_depth,3,1206868
82,hist_local_find_depth,4,88151
82,hist_local_find_depth,5,31984
82,hist_local_find_depth,6,1298
82,hist_local_find_depth,7,378
82,hist_local_find_depth,8,3
82,hist_local_find_depth,9,1
83,hist_find_depth,0,0
83,hist_find_depth,1,2787364
83,hist_find_depth,2,4595686
83,hist_find_depth,3,1064906
83,hist_find_depth,4,359095
83,hist_find_depth,5,59553
83,hist_find_depth,6,20134
83,hist_find_depth,7,1559
83,hist_find_depth,8,378
83,hist_find_depth,9,14
83,hist_find_depth,10,1
84,hist_cross_node_write,0,4425893
84,hist_cross_node_write,1,18450
84,hist_cross_node_write,2,2
85,hist_cross_node_find_depth,0,6693194
85,hist_cross_node_find_depth,1,2152244
85,hist_cross_node_find_depth,2,26671
85,hist_cross_node_find_depth,3,15757
85,hist_cross_node_find_depth,4,372
85,hist_cross_node_find_depth,5,445
85,hist_cross_node_find_depth,6,7
86,hist_cross_node_read,0,4120603
86,hist_cross_node_read,1,36331
86,hist_cross_node_read,2,222676
86,hist_cross_node_read,3,14510
86,hist_cross_node_read,4,45936
86,hist_cross_node_read,5,3205
86,hist_cross_node_read,6,918
86,hist_cross_node_read,7,160
86,hist_cross_node_read,8,5
86,hist_cross_node_read,9,1
87,hist_local_find_depth,0,0
87,hist_local_find_depth,1,4480718
87,hist_local_find_depth,2,3092430
87,hist_local_find_depth,3,1197967
87,hist_local_find_depth,4,85457
87,hist_local_find_depth,5,30483
87,hist_local_find_depth,6,1324
87,hist_local_find_depth,7,301
87,hist_local_find_depth,8,8
87,hist_local_find_depth,9,2
88,hist_find_depth,0,0
88,hist_find_depth,1,2788626
88,hist_find_depth,2,4606219
88,hist_find_depth,3,1058880
88,hist_find_depth,4,355550
88,hist_find_depth,5,58166
88,hist_find_depth,6,19365
88,hist_find_depth,7,1549
88,hist_find_depth,8,319
88,hist_find_depth,9,12
88,hist_find_depth,10,4
89,hist_cross_node_write,0,4425862
89,hist_cross_node_write,1,18482
89,hist_cross_node_write,2,1
90,hist_cross_node_find_depth,0,0
91,hist_cross_node_read,0,3444720
91,hist_cross_node_read,1,999568
91,hist_cross_node_read,2,57
92,hist_local_find_depth,0,0
93,hist_find_depth,0,0
93,hist_find_depth,1,8022752
93,hist_find_depth,2,712489
93,hist_find_depth,3,124782
93,hist_find_depth,4,23203
93,hist_find_depth,5,4300
93,hist_find_depth,6,858
93,hist_find_depth,7,202
93,hist_find_depth,8,48
93,hist_find_depth,9,19
93,hist_find_depth,10,11
93,hist_find_depth,11,5
93,hist_find_depth,12,3
93,hist_find_depth,13,2
93,hist_find_depth,14,0
93,hist_find_depth,15,0
93,hist_find_depth,16,2
93,hist_find_depth,17,0
93,hist_find_depth,18,3
93,hist_find_depth,19,1
93,hist_find_depth,20,3
93,hist_find_depth,21,1
93,hist_find_depth,22,4
93,hist_find_depth,23,0
93,hist_find_depth,24,0
93,hist_find_depth,25,0
93,hist_find_depth,26,0
93,hist_find_depth,27,0
93,hist_find_depth,28,0
93,hist_find_depth,29,0
93,hist_find_depth,30,0
93,hist_find_depth,31,0
93,hist_find_depth,32,0
93,hist_find_depth,33,0
93,hist_find_depth,34,1
93,hist_find_depth,35,1
94,hist_cross_node_write,0,3444720
94,hist_cross_node_write,1,0
94,hist_cross_node_write,2,999625
95,hist_cross_node_find_depth,0,0
96,hist_cross_node_read,0,3444720
96,hist_cross_node_read,1,999560
96,hist_cross_node_read,2,65
97,hist_local_find_depth,0,0
98,hist_find_depth,0,0
98,hist_find_depth,1,8020186
98,hist_find_depth,2,715102
98,hist_find_depth,3,125058
98,hist_find_depth,4,22920
98,hist_find_depth,5,4220
98,hist_find_depth,6,881
98,hist_find_depth,7,198
98,hist_find_depth,8,63
98,hist_find_depth,9,17
98,hist_find_depth,10,12
98,hist_find_depth,11,7
98,hist_find_depth,12,6
98,hist_find_depth,13,3
98,hist_find_depth,14,0
98,hist_find_depth,15,0
98,hist_find_depth,16,1
98,hist_find_depth,17,3
98,hist_find_depth,18,3
98,hist_find_depth,19,0
98,hist_find_depth,20,2
98,hist_find_depth,21,0
98,hist_find_depth,22,1
98,hist_find_depth,23,3
98,hist_find_depth,24,0
98,hist_find_depth,25,2
98,hist_find_depth,26,2
99,hist_cross_node_write,0,3444720
99,hist_cross_node_write,1,0
99,hist_cross_node_write,2,999625
100,hist_cross_node_find_depth,0,0
101,hist_cross_node_read,0,3444720
101,hist_cross_node_read,1,999558
101,hist_cross_node_read,2,67
102,hist_local_find_depth,0,0
103,hist_find_depth,0,0
103,hist_find_depth,1,8037373
103,hist_find_depth,2,703328
103,hist_find_depth,3,120686
103,hist_find_depth,4,22078
103,hist_find_depth,5,4105
103,hist_find_depth,6,827
103,hist_find_depth,7,193
103,hist_find_depth,8,56
103,hist_find_depth,9,13
103,hist_find_depth,10,3
103,hist_find_depth,11,3
103,hist_find_depth,12,1
103,hist_find_depth,13,4
103,hist_find_depth,14,1
103,hist_find_depth,15,2
103,hist_find_depth,16,2
103,hist_find_depth,17,2
103,hist_find_depth,18,3
103,hist_find_depth,19,0
103,hist_find_depth,20,0
103,hist_find_depth,21,2
103,hist_find_depth,22,3
103,hist_find_depth,23,0
103,hist_find_depth,24,1
103,hist_find_depth,25,0
103,hist_find_depth,26,2
103,hist_find_depth,27,0
103,hist_find_depth,28,0
103,hist_find_depth,29,0
103,hist_find_depth,30,0
103,hist_find_depth,31,2
104,hist_cross_node_write,0,3444720
104,hist_cross_node_write,1,0
104,hist_cross_node_write,2,999625
105,hist_cross_node_find_depth,0,0
106,hist_cross_node_read,0,3444698
106,hist_cross_node_read,1,999557
106,hist_cross_node_read,2,90
107,hist_local_find_depth,0,0
108,hist_find_depth,0,0
108,hist_find_depth,1,7659462
108,hist_find_depth,2,1003142
108,hist_find_depth,3,190994
108,hist_find_depth,4,28487
108,hist_find_depth,5,5164
108,hist_find_depth,6,1090
108,hist_find_depth,7,239
108,hist_find_depth,8,66
108,hist_find_depth,9,15
108,hist_find_depth,10,8
108,hist_find_depth,11,4
108,hist_find_depth,12,2
108,hist_find_depth,13,2
108,hist_find_depth,14,2
108,hist_find_depth,15,2
108,hist_find_depth,16,1
108,hist_find_depth,17,0
108,hist_find_depth,18,5
108,hist_find_depth,19,0
108,hist_find_depth,20,1
108,hist_find_depth,21,0
108,hist_find_depth,22,1
108,hist_find_depth,23,1
108,hist_find_depth,24,0
108,hist_find_depth,25,0
108,hist_find_depth,26,0
108,hist_find_depth,27,0
108,hist_find_depth,28,0
108,hist_find_depth,29,0
108,hist_find_depth,30,0
108,hist_find_depth,31,1
108,hist_find_depth,32,1
109,hist_cross_node_write,0,3444698
109,hist_cross_node_write,1,0
109,hist_cross_node_write,2,999647
110,hist_cross_node_find_depth,0,0
111,hist_cross_node_read,0,3444698
111,hist_cross_node_read,1,999561
111,hist_cross_node_read,2,86
112,hist_local_find_depth,0,0
113,hist_find_depth,0,0
113,hist_find_depth,1,7636196
113,hist_find_depth,2,1023306
113,hist_find_depth,3,194003
113,hist_find_depth,4,28545
113,hist_find_depth,5,5230
113,hist_find_depth,6,1074
113,hist_find_depth,7,229
113,hist_find_depth,8,55
113,hist_find_depth,9,12
113,hist_find_depth,10,11
113,hist_find_depth,11,5
113,hist_find_depth,12,4
113,hist_find_depth,13,3
113,hist_find_depth,14,3
113,hist_find_depth,15,2
113,hist_find_depth,16,4
113,hist_find_depth,17,2
113,hist_find_depth,18,2
113,hist_find_depth,19,1
113,hist_find_depth,20,3
114,hist_cross_node_write,0,3444698
114,hist_cross_node_write,1,0
114,hist_cross_node_write,2,999647
115,hist_cross_node_find_depth,0,0
116,hist_cross_node_read,0,3444698
116,hist_cross_node_read,1,999550
116,hist_cross_node_read,2,97
117,hist_local_find_depth,0,0
118,hist_find_depth,0,0
118,hist_find_depth,1,7652275
118,hist_find_depth,2,1009532
118,hist_find_depth,3,191898
118,hist_find_depth,4,28460
118,hist_find_depth,5,5147
118,hist_find_depth,6,1064
118,hist_find_depth,7,212
118,hist_find_depth,8,58
118,hist_find_depth,9,10
118,hist_find_depth,10,6
118,hist_find_depth,11,4
118,hist_find_depth,12,0
118,hist_find_depth,13,2
118,hist_find_depth,14,8
118,hist_find_depth,15,1
118,hist_find_depth,16,0
118,hist_find_depth,17,1
118,hist_find_depth,18,1
118,hist_find_depth,19,3
118,hist_find_depth,20,0
118,hist_find_depth,21,0
118,hist_find_depth,22,4
118,hist_find_depth,23,0
118,hist_find_depth,24,0
118,hist_find_depth,25,1
118,hist_find_depth,26,1
118,hist_find_depth,27,2
119,hist_cross_node_write,0,3444698
119,hist_cross_node_write,1,0
119,hist_cross_node_write,2,999647
120,hist_cross_node_find_depth,0,6663515
120,hist_cross_node_find_depth,1,2182442
120,hist_cross_node_find_depth,2,39610
120,hist_cross_node_find_depth,3,2652
120,hist_cross_node_find_depth,4,414
120,hist_cross_node_find_depth,5,47
120,hist_cross_node_find_depth,6,9
120,hist_cross_node_find_depth,7,0
120,hist_cross_node_find_depth,8,1
121,hist_cross_node_read,0,4093257
121,hist_cross_node_read,1,55567
121,hist_cross_node_read,2,227489
121,hist_cross_node_read,3,14913
121,hist_cross_node_read,4,49377
121,hist_cross_node_read,5,693
121,hist_cross_node_read,6,2334
121,hist_cross_node_read,7,480
121,hist_cross_node_read,8,210
121,hist_cross_node_read,9,4
121,hist_cross_node_read,10,15
121,hist_cross_node_read,11,4
121,hist_cross_node_read,12,2
122,hist_local_find_depth,0,0
122,hist_local_find_depth,1,4707745
122,hist_local_find_depth,2,3606376
122,hist_local_find_depth,3,471709
122,hist_local_find_depth,4,88437
122,hist_local_find_depth,5,12962
122,hist_local_find_depth,6,1363
122,hist_local_find_depth,7,92
122,hist_local_find_depth,8,6
123,hist_find_depth,0,0
123,hist_find_depth,1,3001424
123,hist_find_depth,2,4969260
123,hist_find_depth,3,658349
123,hist_find_depth,4,193162
123,hist_find_depth,5,53852
123,hist_find_depth,6,10956
123,hist_find_depth,7,1520
123,hist_find_depth,8,156
123,hist_find_depth,9,10
123,hist_find_depth,10,1
124,hist_cross_node_write,0,4427069
124,hist_cross_node_write,1,17275
124,hist_cross_node_write,2,1
125,hist_cross_node_find_depth,0,6664957
125,hist_cross_node_find_depth,1,2181543
125,hist_cross_node_find_depth,2,39202
125,hist_cross_node_find_depth,3,2554
125,hist_cross_node_find_depth,4,380
125,hist_cross_node_find_depth,5,48
125,hist_cross_node_find_depth,6,6
126,hist_cross_node_read,0,4094692
126,hist_cross_node_read,1,55076
126,hist_cross_node_read,2,226638
126,hist_cross_node_read,3,14959
126,hist_cross_node_read,4,49306
126,hist_cross_node_read,5,674
126,hist_cross_node_read,6,2288
126,hist_cross_node_read,7,481
126,hist_cross_node_read,8,206
126,hist_cross_node_read,9,8
126,hist_cross_node_read,10,13
126,hist_cross_node_read,11,0
126,hist_cross_node_read,12,4
127,hist_local_find_depth,0,0
127,hist_local_find_depth,1,4723203
127,hist_local_find_depth,2,3600257
127,hist_local_find_depth,3,464708
127,hist_local_find_depth,4,86567
127,hist_local_find_depth,5,12530
127,hist_local_find_depth,6,1308
127,hist_local_find_depth,7,110
127,hist_local_find_depth,8,7
128,hist_find_depth,0,0
128,hist_find_depth,1,3015064
128,hist_find_depth,2,4965539
128,hist_find_depth,3,652582
128,hist_find_depth,4,190478
128,hist_find_depth,5,52963
128,hist_find_depth,6,10422
128,hist_find_depth,7,1461
128,hist_find_depth,8,167
128,hist_find_depth,9,12
128,hist_find_depth,10,2
129,hist_cross_node_write,0,4427037
129,hist_cross_node_write,1,17306
129,hist_cross_node_write,2,2
130,hist_cross_node_find_depth,0,6663850
130,hist_cross_node_find_depth,1,2182198
130,hist_cross_node_find_depth,2,39652
130,hist_cross_node_find_depth,3,2534
130,hist_cross_node_find_depth,4,396
130,hist_cross_node_find_depth,5,54
130,hist_cross_node_find_depth,6,6
131,hist_cross_node_read,0,4091391
131,hist_cross_node_read,1,54851
131,hist_cross_node_read,2,229582
131,hist_cross_node_read,3,15248
131,hist_cross_node_read,4,49606
131,hist_cross_node_read,5,683
131,hist_cross_node_read,6,2262
131,hist_cross_node_read,7,497
131,hist_cross_node_read,8,200
131,hist_cross_node_read,9,4
131,hist_cross_node_read,10,17
131,hist_cross_node_read,11,2
131,hist_cross_node_read,12,2
132,hist_local_find_depth,0,0
132,hist_local_find_depth,1,4716267
132,hist_local_find_depth,2,3614816
132,hist_local_find_depth,3,458981
132,hist_local_find_depth,4,84648
132,hist_local_find_depth,5,12504
132,hist_local_find_depth,6,1374
132,hist_local_find_depth,7,93
132,hist_local_find_depth,8,7
133,hist_find_depth,0,0
133,hist_find_depth,1,3009525
133,hist_find_depth,2,4976541
133,hist_find_depth,3,648774
133,hist_find_depth,4,188525
133,hist_find_depth,5,52947
133,hist_find_depth,6,10692
133,hist_find_depth,7,1523
133,hist_find_depth,8,146
133,hist_find_depth,9,16
133,hist_find_depth,10,1
134,hist_cross_node_write,0,4427075
134,hist_cross_node_write,1,17270
135,hist_cross_node_find_depth,0,6658887
135,hist_cross_node_find_depth,1,2191167
135,hist_cross_node_find_depth,2,36022
135,hist_cross_node_find_depth,3,2213
135,hist_cross_node_find_depth,4,348
135,hist_cross_node_find_depth,5,47
135,hist_cross_node_find_depth,6,6
136,hist_cross_node_read,0,4108046
136,hist_cross_node_read,1,58254
136,hist_cross_node_read,2,211526
136,hist_cross_node_read,3,14853
136,hist_cross_node_read,4,48366
136,hist_cross_node_read,5,611
136,hist_cross_node_read,6,2127
136,hist_cross_node_read,7,346
136,hist_cross_node_read,8,192
136,hist_cross_node_read,9,5
136,hist_cross_node_read,10,15
136,hist_cross_node_read,11,1
136,hist_cross_node_read,12,3
137,hist_local_find_depth,0,0
137,hist_local_find_depth,1,4797830
137,hist_local_find_depth,2,3626424
137,hist_local_find_depth,3,392018
137,hist_local_find_depth,4,62333
137,hist_local_find_depth,5,8978
137,hist_local_find_depth,6,1017
137,hist_local_find_depth,7,80
137,hist_local_find_depth,8,10
138,hist_find_depth,0,0
138,hist_find_depth,1,3072491
138,hist_find_depth,2,4994148
138,hist_find_depth,3,611651
138,hist_find_depth,4,159507
138,hist_find_depth,5,41432
138,hist_find_depth,6,8096
138,hist_find_depth,7,1230
138,hist_find_depth,8,121
138,hist_find_depth,9,13
138,hist_find_depth,10,1
139,hist_cross_node_write,0,4427351
139,hist_cross_node_write,1,16993
139,hist_cross_node_write,2,1
140,hist_cross_node_find_depth,0,6659934
140,hist_cross_node_find_depth,1,2189908
140,hist_cross_node_find_depth,2,36210
140,hist_cross_node_find_depth,3,2239
140,hist_cross_node_find_depth,4,344
140,hist_cross_node_find_depth,5,47
140,hist_cross_node_find_depth,6,7
140,hist_cross_node_find_depth,7,1
141,hist_cross_node_read,0,4108425
141,hist_cross_node_read,1,57864
141,hist_cross_node_read,2,211801
141,hist_cross_node_read,3,14953
141,hist_cross_node_read,4,48046
141,hist_cross_node_read,5,631
141,hist_cross_node_read,6,2090
141,hist_cross_node_read,7,332
141,hist_cross_node_read,8,180
141,hist_cross_node_read,9,7
141,hist_cross_node_read,10,11
141,hist_cross_node_read,11,1
141,hist_cross_node_read,12,4
142,hist_local_find_depth,0,0
142,hist_local_find_depth,1,4793935
142,hist_local_find_depth,2,3628658
142,hist_local_find_depth,3,393240
142,hist_local_find_depth,4,62811
142,hist_local_find_depth,5,8970
142,hist_local_find_depth,6,980
142,hist_local_find_depth,7,85
142,hist_local_find_depth,8,11
143,hist_find_depth,0,0
143,hist_find_depth,1,3069684
143,hist_find_depth,2,4995762
143,hist_find_depth,3,611847
143,hist_find_depth,4,160280
143,hist_find_depth,5,41721
143,hist_find_depth,6,8088
143,hist_find_depth,7,1150
143,hist_find_depth,8,141
143,hist_find_depth,9,17
144,hist_cross_node_write,0,4427374
144,hist_cross_node_write,1,16971
145,hist_cross_node_find_depth,0,6662309
145,hist_cross_node_find_depth,1,2187937
145,hist_cross_node_find_depth,2,35921
145,hist_cross_node_find_depth,3,2131
145,hist_cross_node_find_depth,4,342
145,hist_cross_node_find_depth,5,42
145,hist_cross_node_find_depth,6,7
145,hist_cross_node_find_depth,7,1
146,hist_cross_node_read,0,4109541
146,hist_cross_node_read,1,56235
146,hist_cross_node_read,2,212084
146,hist_cross_node_read,3,14854
146,hist_cross_node_read,4,48411
146,hist_cross_node_read,5,593
146,hist_cross_node_read,6,2092
146,hist_cross_node_read,7,335
146,hist_cross_node_read,8,180
146,hist_cross_node_read,9,6
146,hist_cross_node_read,10,11
146,hist_cross_node_read,11,1
146,hist_cross_node_read,12,2
147,hist_local_find_depth,0,0
147,hist_local_find_depth,1,4801998
147,hist_local_find_depth,2,3630093
147,hist_local_find_depth,3,386285
147,hist_local_find_depth,4,60680
147,hist_local_find_depth,5,8579
147,hist_local_find_depth,6,950
147,hist_local_find_depth,7,99
147,hist_local_find_depth,8,6
148,hist_find_depth,0,0
148,hist_find_depth,1,3078032
148,hist_find_depth,2,4997141
148,hist_find_depth,3,605837
148,hist_find_depth,4,157989
148,hist_find_depth,5,40514
148,hist_find_depth,6,7860
148,hist_find_depth,7,1163
148,hist_find_depth,8,144
148,hist_find_depth,9,10
149,hist_cross_node_write,0,4427436
149,hist_cross_node_write,1,16908
149,hist_cross_node_write,2,1
150,hist_cross_node_find_depth,0,0
151,hist_cross_node_read,0,4444444
152,hist_local_find_depth,0,0
153,hist_find_depth,0,2254818
153,hist_find_depth,1,1319910
153,hist_find_depth,2,129686
153,hist_find_depth,3,18811
153,hist_find_depth,4,2039
153,hist_find_depth,5,169
153,hist_find_depth,6,16
153,hist_find_depth,7,1
154,hist_cross_node_write,0,4444444
155,hist_cross_node_find_depth,0,0
156,hist_cross_node_read,0,4444444
157,hist_local_find_depth,0,0
158,hist_find_depth,0,2255356
158,hist_find_depth,1,1285895
158,hist_find_depth,2,113545
158,hist_find_depth,3,16527
158,hist_find_depth,4,1840
158,hist_find_depth,5,169
158,hist_find_depth,6,10
158,hist_find_depth,7,1
158,hist_find_depth,8,0
158,hist_find_depth,9,1
159,hist_cross_node_write,0,4444444
160,hist_cross_node_find_depth,0,0
161,hist_cross_node_read,0,4444444
162,hist_local_find_depth,0,0
163,hist_find_depth,0,2256056
163,hist_find_depth,1,1292405
163,hist_find_depth,2,116791
163,hist_find_depth,3,16947
163,hist_find_depth,4,1890
163,hist_find_depth,5,158
163,hist_find_depth,6,15
163,hist_find_depth,7,2
164,hist_cross_node_write,0,4444444
165,hist_cross_node_find_depth,0,0
166,hist_cross_node_read,0,4444444
167,hist_local_find_depth,0,0
168,hist_find_depth,0,2938306
168,hist_find_depth,1,1904687
168,hist_find_depth,2,151455
168,hist_find_depth,3,16434
168,hist_find_depth,4,2033
168,hist_find_depth,5,243
168,hist_find_depth,6,14
169,hist_cross_node_write,0,4444444
170,hist_cross_node_find_depth,0,0
171,hist_cross_node_read,0,4444444
172,hist_local_find_depth,0,0
173,hist_find_depth,0,2944562
173,hist_find_depth,1,1921401
173,hist_find_depth,2,153287
173,hist_find_depth,3,16625
173,hist_find_depth,4,1891
173,hist_find_depth,5,173
173,hist_find_depth,6,9
174,hist_cross_node_write,0,4444444
175,hist_cross_node_find_depth,0,0
176,hist_cross_node_read,0,4444444
177,hist_local_find_depth,0,0
178,hist_find_depth,0,2941381
178,hist_find_depth,1,1931227
178,hist_find_depth,2,159628
178,hist_find_depth,3,17890
178,hist_find_depth,4,2078
178,hist_find_depth,5,170
178,hist_find_depth,6,8
179,hist_cross_node_write,0,4444444
180,hist_cross_node_find_depth,0,0
181,hist_cross_node_read,0,3444773
181,hist_cross_node_read,1,999576
181,hist_cross_node_read,2,95
182,hist_local_find_depth,0,0
183,hist_find_depth,0,0
183,hist_find_depth,1,7524615
183,hist_find_depth,2,82
183,hist_find_depth,3,1279265
183,hist_find_depth,4,75
183,hist_find_depth,5,82231
183,hist_find_depth,6,64
183,hist_find_depth,7,2435
183,hist_find_depth,8,25
183,hist_find_depth,9,61
183,hist_find_depth,10,5
183,hist_find_depth,11,10
183,hist_find_depth,12,2
183,hist_find_depth,13,0
183,hist_find_depth,14,1
183,hist_find_depth,15,3
183,hist_find_depth,16,0
183,hist_find_depth,17,3
183,hist_find_depth,18,0
183,hist_find_depth,19,1
183,hist_find_depth,20,2
183,hist_find_depth,21,0
183,hist_find_depth,22,1
183,hist_find_depth,23,1
183,hist_find_depth,24,1
183,hist_find_depth,25,1
183,hist_find_depth,26,0
183,hist_find_depth,27,2
183,hist_find_depth,28,0
183,hist_find_depth,29,0
183,hist_find_depth,30,0
183,hist_find_depth,31,0
183,hist_find_depth,32,0
183,hist_find_depth,33,1
183,hist_find_depth,34,0
183,hist_find_depth,35,1
184,hist_cross_node_write,0,3444773
184,hist_cross_node_write,1,0
184,hist_cross_node_write,2,999671
185,hist_cross_node_find_depth,0,0
186,hist_cross_node_read,0,3444773
186,hist_cross_node_read,1,999577
186,hist_cross_node_read,2,94
187,hist_local_find_depth,0,0
188,hist_find_depth,0,0
188,hist_find_depth,1,7515300
188,hist_find_depth,2,84
188,hist_find_depth,3,1287064
188,hist_find_depth,4,78
188,hist_find_depth,5,83726
188,hist_find_depth,6,67
188,hist_find_depth,7,2434
188,hist_find_depth,8,28
188,hist_find_depth,9,64
188,hist_find_depth,10,3
188,hist_find_depth,11,14
188,hist_find_depth,12,4
188,hist_find_depth,13,2
188,hist_find_depth,14,6
188,hist_find_depth,15,2
188,hist_find_depth,16,2
188,hist_find_depth,17,0
188,hist_find_depth,18,0
188,hist_find_depth,19,0
188,hist_find_depth,20,2
188,hist_find_depth,21,0
188,hist_find_depth,22,0
188,hist_find_depth,23,0
188,hist_find_depth,24,0
188,hist_find_depth,25,0
188,hist_find_depth,26,0
188,hist_find_depth,27,0
188,hist_find_depth,28,2
188,hist_find_depth,29,1
188,hist_find_depth,30,1
188,hist_find_depth,31,1
188,hist_find_depth,32,1
188,hist_find_depth,33,0
188,hist_find_depth,34,0
188,hist_find_depth,35,2
189,hist_cross_node_write,0,3444773
189,hist_cross_node_write,1,0
189,hist_cross_node_write,2,999671
190,hist_cross_node_find_depth,0,0
191,hist_cross_node_read,0,3444773
191,hist_cross_node_read,1,999580
191,hist_cross_node_read,2,91
192,hist_local_find_depth,0,0
193,hist_find_depth,0,0
193,hist_find_depth,1,7516698
193,hist_find_depth,2,76
193,hist_find_depth,3,1288457
193,hist_find_depth,4,83
193,hist_find_depth,5,81086
193,hist_find_depth,6,84
193,hist_find_depth,7,2272
193,hist_find_depth,8,24
193,hist_find_depth,9,58
193,hist_find_depth,10,12
193,hist_find_depth,11,7
193,hist_find_depth,12,7
193,hist_find_depth,13,4
193,hist_find_depth,14,6
193,hist_find_depth,15,2
193,hist_find_depth,16,2
193,hist_find_depth,17,0
193,hist_find_depth,18,0
193,hist_find_depth,19,3
193,hist_find_depth,20,1
193,hist_find_depth,21,1
193,hist_find_depth,22,2
193,hist_find_depth,23,0
193,hist_find_depth,24,1
193,hist_find_depth,25,0
193,hist_find_depth,26,0
193,hist_find_depth,27,0
193,hist_find_depth,28,0
193,hist_find_depth,29,0
193,hist_find_depth,30,0
193,hist_find_depth,31,0
193,hist_find_depth,32,0
193,hist_find_depth,33,0
193,hist_find_depth,34,0
193,hist_find_depth,35,0
193,hist_find_depth,36,0
193,hist_find_depth,37,0
193,hist_find_depth,38,1
193,hist_find_depth,39,0
193,hist_find_depth,40,1
194,hist_cross_node_write,0,3444773
194,hist_cross_node_write,1,0
194,hist_cross_node_write,2,999671
195,hist_cross_node_find_depth,0,0
196,hist_cross_node_read,0,3444742
196,hist_cross_node_read,1,999641
196,hist_cross_node_read,2,61
197,hist_local_find_depth,0,0
198,hist_find_depth,0,0
198,hist_find_depth,1,7760065
198,hist_find_depth,2,77
198,hist_find_depth,3,1075996
198,hist_find_depth,4,67
198,hist_find_depth,5,50944
198,hist_find_depth,6,42
198,hist_find_depth,7,1595
198,hist_find_depth,8,16
198,hist_find_depth,9,37
198,hist_find_depth,10,8
198,hist_find_depth,11,4
198,hist_find_depth,12,7
198,hist_find_depth,13,6
198,hist_find_depth,14,4
198,hist_find_depth,15,4
198,hist_find_depth,16,1
198,hist_find_depth,17,0
198,hist_find_depth,18,5
198,hist_find_depth,19,1
198,hist_find_depth,20,5
198,hist_find_depth,21,0
198,hist_find_depth,22,0
198,hist_find_depth,23,0
198,hist_find_depth,24,0
198,hist_find_depth,25,0
198,hist_find_depth,26,0
198,hist_find_depth,27,0
198,hist_find_depth,28,0
198,hist_find_depth,29,0
198,hist_find_depth,30,2
198,hist_find_depth,31,0
198,hist_find_depth,32,0
198,hist_find_depth,33,0
198,hist_find_depth,34,0
198,hist_find_depth,35,0
198,hist_find_depth,36,0
198,hist_find_depth,37,0
198,hist_find_depth,38,0
198,hist_find_depth,39,0
198,hist_find_depth,40,0
198,hist_find_depth,41,0
198,hist_find_depth,42,0
198,hist_find_depth,43,0
198,hist_find_depth,44,0
198,hist_find_depth,45,0
198,hist_find_depth,46,2
199,hist_cross_node_write,0,3444742
199,hist_cross_node_write,1,0
199,hist_cross_node_write,2,999702
200,hist_cross_node_find_depth,0,0
201,hist_cross_node_read,0,3444742
201,hist_cross_node_read,1,999635
201,hist_cross_node_read,2,67
202,hist_local_find_depth,0,0
203,hist_find_depth,0,0
203,hist_find_depth,1,7753890
203,hist_find_depth,2,73
203,hist_find_depth,3,1080382
203,hist_find_depth,4,64
203,hist_find_depth,5,52572
203,hist_find_depth,6,32
203,hist_find_depth,7,1768
203,hist_find_depth,8,14
203,hist_find_depth,9,41
203,hist_find_depth,10,7
203,hist_find_depth,11,8
203,hist_find_depth,12,5
203,hist_find_depth,13,9
203,hist_find_depth,14,8
203,hist_find_depth,15,3
203,hist_find_depth,16,1
203,hist_find_depth,17,3
203,hist_find_depth,18,0
203,hist_find_depth,19,0
203,hist_find_depth,20,0
203,hist_find_depth,21,2
203,hist_find_depth,22,0
203,hist_find_depth,23,2
203,hist_find_depth,24,1
203,hist_find_depth,25,0
203,hist_find_depth,26,1
203,hist_find_depth,27,0
203,hist_find_depth,28,0
203,hist_find_depth,29,0
203,hist_find_depth,30,0
203,hist_find_depth,31,1
203,hist_find_depth,32,0
203,hist_find_depth,33,1
204,hist_cross_node_write,0,3444742
204,hist_cross_node_write,1,0
204,hist_cross_node_write,2,999702
205,hist_cross_node_find_depth,0,0
206,hist_cross_node_read,0,3444742
206,hist_cross_node_read,1,999624
206,hist_cross_node_read,2,78
207,hist_local_find_depth,0,0
208,hist_find_depth,0,0
208,hist_find_depth,1,7760118
208,hist_find_depth,2,82
208,hist_find_depth,3,1076234
208,hist_find_depth,4,78
208,hist_find_depth,5,50589
208,hist_find_depth,6,35
208,hist_find_depth,7,1650
208,hist_find_depth,8,21
208,hist_find_depth,9,39
208,hist_find_depth,10,6
208,hist_find_depth,11,4
208,hist_find_depth,12,2
208,hist_find_depth,13,8
208,hist_find_depth,14,3
208,hist_find_depth,15,2
208,hist_find_depth,16,3
208,hist_find_depth,17,3
208,hist_find_depth,18,0
208,hist_find_depth,19,3
208,hist_find_depth,20,3
208,hist_find_depth,21,0
208,hist_find_depth,22,1
208,hist_find_depth,23,0
208,hist_find_depth,24,0
208,hist_find_depth,25,0
208,hist_find_depth,26,2
208,hist_find_depth,27,0
208,hist_find_depth,28,0
208,hist_find_depth,29,0
208,hist_find_depth,30,0
208,hist_find_depth,31,2
209,hist_cross_node_write,0,3444742
209,hist_cross_node_write,1,0
209,hist_cross_node_write,2,999702
210,hist_cross_node_find_depth,0,6191525
210,hist_cross_node_find_depth,1,2601297
210,hist_cross_node_find_depth,2,43314
210,hist_cross_node_find_depth,3,50090
210,hist_cross_node_find_depth,4,1113
210,hist_cross_node_find_depth,5,1461
210,hist_cross_node_find_depth,6,49
210,hist_cross_node_find_depth,7,35
210,hist_cross_node_find_depth,8,3
210,hist_cross_node_find_depth,9,0
210,hist_cross_node_find_depth,10,1
211,hist_cross_node_read,0,3746049
211,hist_cross_node_read,1,148778
211,hist_cross_node_read,2,331701
211,hist_cross_node_read,3,24366
211,hist_cross_node_read,4,181038
211,hist_cross_node_read,5,6246
211,hist_cross_node_read,6,4846
211,hist_cross_node_read,7,1306
211,hist_cross_node_read,8,101
211,hist_cross_node_read,9,10
211,hist_cross_node_read,10,3
212,hist_local_find_depth,0,0
212,hist_local_find_depth,1,4782995
212,hist_local_find_depth,2,3259164
212,hist_local_find_depth,3,777246
212,hist_local_find_depth,4,49255
212,hist_local_find_depth,5,19273
212,hist_local_find_depth,6,670
212,hist_local_find_depth,7,274
212,hist_local_find_depth,8,9
212,hist_local_find_depth,9,2
213,hist_find_depth,0,0
213,hist_find_depth,1,2796762
213,hist_find_depth,2,4786893
213,hist_find_depth,3,899229
213,hist_find_depth,4,336500
213,hist_find_depth,5,50672
213,hist_find_depth,6,16886
213,hist_find_depth,7,1523
213,hist_find_depth,8,389
213,hist_find_depth,9,26
213,hist_find_depth,10,7
213,hist_find_depth,11,1
214,hist_cross_node_write,0,4362179
214,hist_cross_node_write,1,82261
214,hist_cross_node_write,2,4
215,hist_cross_node_find_depth,0,6186471
215,hist_cross_node_find_depth,1,2606331
215,hist_cross_node_find_depth,2,43233
215,hist_cross_node_find_depth,3,50252
215,hist_cross_node_find_depth,4,1100
215,hist_cross_node_find_depth,5,1430
215,hist_cross_node_find_depth,6,46
215,hist_cross_node_find_depth,7,24
215,hist_cross_node_find_depth,8,1
216,hist_cross_node_read,0,3744171
216,hist_cross_node_read,1,147882
216,hist_cross_node_read,2,331371
216,hist_cross_node_read,3,24267
216,hist_cross_node_read,4,184380
216,hist_cross_node_read,5,6081
216,hist_cross_node_read,6,4884
216,hist_cross_node_read,7,1300
216,hist_cross_node_read,8,86
216,hist_cross_node_read,9,13
216,hist_cross_node_read,10,9
217,hist_local_find_depth,0,0
217,hist_local_find_depth,1,4789956
217,hist_local_find_depth,2,3251743
217,hist_local_find_depth,3,777303
217,hist_local_find_depth,4,50234
217,hist_local_find_depth,5,18620
217,hist_local_find_depth,6,749
217,hist_local_find_depth,7,275
217,hist_local_find_depth,8,8
218,hist_find_depth,0,0
218,hist_find_depth,1,2802957
218,hist_find_depth,2,4776077
218,hist_find_depth,3,903322
218,hist_find_depth,4,337186
218,hist_find_depth,5,50836
218,hist_find_depth,6,16564
218,hist_find_depth,7,1561
218,hist_find_depth,8,358
218,hist_find_depth,9,21
218,hist_find_depth,10,6
219,hist_cross_node_write,0,4362074
219,hist_cross_node_write,1,82364
219,hist_cross_node_write,2,6
220,hist_cross_node_find_depth,0,6187706
220,hist_cross_node_find_depth,1,2604586
220,hist_cross_node_find_depth,2,43360
220,hist_cross_node_find_depth,3,50538
220,hist_cross_node_find_depth,4,1103
220,hist_cross_node_find_depth,5,1519
220,hist_cross_node_find_depth,6,52
220,hist_cross_node_find_depth,7,23
220,hist_cross_node_find_depth,8,1
221,hist_cross_node_read,0,3744900
221,hist_cross_node_read,1,148780
221,hist_cross_node_read,2,330537
221,hist_cross_node_read,3,24479
221,hist_cross_node_read,4,183147
221,hist_cross_node_read,5,6268
221,hist_cross_node_read,6,4878
221,hist_cross_node_read,7,1337
221,hist_cross_node_read,8,103
221,hist_cross_node_read,9,13
221,hist_cross_node_read,10,2
222,hist_local_find_depth,0,0
222,hist_local_find_depth,1,4788554
222,hist_local_find_depth,2,3249142
222,hist_local_find_depth,3,779966
222,hist_local_find_depth,4,50695
222,hist_local_find_depth,5,19467
222,hist_local_find_depth,6,764
222,hist_local_find_depth,7,291
222,hist_local_find_depth,8,7
222,hist_local_find_depth,9,2
223,hist_find_depth,0,0
223,hist_find_depth,1,2801795
223,hist_find_depth,2,4775434
223,hist_find_depth,3,903136
223,hist_find_depth,4,337757
223,hist_find_depth,5,51322
223,hist_find_depth,6,17341
223,hist_find_depth,7,1667
223,hist_find_depth,8,398
223,hist_find_depth,9,34
223,hist_find_depth,10,4
224,hist_cross_node_write,0,4362223
224,hist_cross_node_write,1,82220
224,hist_cross_node_write,2,1
225,hist_cross_node_find_depth,0,6207717
225,hist_cross_node_find_depth,1,2574317
225,hist_cross_node_find_depth,2,44352
225,hist_cross_node_find_depth,3,58056
225,hist_cross_node_find_depth,4,1571
225,hist_cross_node_find_depth,5,2722
225,hist_cross_node_find_depth,6,91
225,hist_cross_node_find_depth,7,61
225,hist_cross_node_find_depth,8,1
226,hist_cross_node_read,0,3782903
226,hist_cross_node_read,1,183484
226,hist_cross_node_read,2,261262
226,hist_cross_node_read,3,20793
226,hist_cross_node_read,4,162869
226,hist_cross_node_read,5,15390
226,hist_cross_node_read,6,13550
226,hist_cross_node_read,7,3912
226,hist_cross_node_read,8,254
226,hist_cross_node_read,9,24
226,hist_cross_node_read,10,2
226,hist_cross_node_read,11,0
226,hist_cross_node_read,12,1
227,hist_local_find_depth,0,0
227,hist_local_find_depth,1,4980071
227,hist_local_find_depth,2,2950578
227,hist_local_find_depth,3,840622
227,hist_local_find_depth,4,82696
227,hist_local_find_depth,5,32552
227,hist_local_find_depth,6,1802
227,hist_local_find_depth,7,541
227,hist_local_find_depth,8,21
227,hist_local_find_depth,9,5
228,hist_find_depth,0,0
228,hist_find_depth,1,2987986
228,hist_find_depth,2,4529227
228,hist_find_depth,3,898009
228,hist_find_depth,4,375228
228,hist_find_depth,5,67213
228,hist_find_depth,6,27350
228,hist_find_depth,7,3093
228,hist_find_depth,8,727
228,hist_find_depth,9,48
228,hist_find_depth,10,7
229,hist_cross_node_write,0,4361235
229,hist_cross_node_write,1,83207
229,hist_cross_node_write,2,2
230,hist_cross_node_find_depth,0,6200195
230,hist_cross_node_find_depth,1,2576379
230,hist_cross_node_find_depth,2,43862
230,hist_cross_node_find_depth,3,63241
230,hist_cross_node_find_depth,4,1806
230,hist_cross_node_find_depth,5,3231
230,hist_cross_node_find_depth,6,111
230,hist_cross_node_find_depth,7,60
230,hist_cross_node_find_depth,8,2
230,hist_cross_node_find_depth,9,1
231,hist_cross_node_read,0,3784744
231,hist_cross_node_read,1,179072
231,hist_cross_node_read,2,260150
231,hist_cross_node_read,3,21600
231,hist_cross_node_read,4,164756
231,hist_cross_node_read,5,17267
231,hist_cross_node_read,6,12947
231,hist_cross_node_read,7,3625
231,hist_cross_node_read,8,255
231,hist_cross_node_read,9,27
231,hist_cross_node_read,10,1
232,hist_local_find_depth,0,0
232,hist_local_find_depth,1,4941119
232,hist_local_find_depth,2,2899510
232,hist_local_find_depth,3,914136
232,hist_local_find_depth,4,92557
232,hist_local_find_depth,5,38971
232,hist_local_find_depth,6,2000
232,hist_local_find_depth,7,572
232,hist_local_find_depth,8,19
232,hist_local_find_depth,9,4
233,hist_find_depth,0,0
233,hist_find_depth,1,2957998
233,hist_find_depth,2,4469621
233,hist_find_depth,3,951003
233,hist_find_depth,4,399759
233,hist_find_depth,5,75326
233,hist_find_depth,6,30946
233,hist_find_depth,7,3410
233,hist_find_depth,8,757
233,hist_find_depth,9,59
233,hist_find_depth,10,9
234,hist_cross_node_write,0,4362245
234,hist_cross_node_write,1,82195
234,hist_cross_node_write,2,4
235,hist_cross_node_find_depth,0,6215696
235,hist_cross_node_find_depth,1,2559239
235,hist_cross_node_find_depth,2,42657
235,hist_cross_node_find_depth,3,66096
235,hist_cross_node_find_depth,4,1859
235,hist_cross_node_find_depth,5,3183
235,hist_cross_node_find_depth,6,97
235,hist_cross_node_find_depth,7,57
235,hist_cross_node_find_depth,8,2
235,hist_cross_node_find_depth,9,2
236,hist_cross_node_read,0,3805282
236,hist_cross_node_read,1,178736
236,hist_cross_node_read,2,246533
236,hist_cross_node_read,3,20735
236,hist_cross_node_read,4,157885
236,hist_cross_node_read,5,18297
236,hist_cross_node_read,6,12998
236,hist_cross_node_read,7,3688
236,hist_cross_node_read,8,262
236,hist_cross_node_read,9,25
236,hist_cross_node_read,10,3
237,hist_local_find_depth,0,0
237,hist_local_find_depth,1,4958728
237,hist_local_find_depth,2,2820724
237,hist_local_find_depth,3,969913
237,hist_local_find_depth,4,96842
237,hist_local_find_depth,5,40459
237,hist_local_find_depth,6,1664
237,hist_local_find_depth,7,534
237,hist_local_find_depth,8,17
237,hist_local_find_depth,9,6
237,hist_local_find_depth,10,1
238,hist_find_depth,0,0
238,hist_find_depth,1,2977982
238,hist_find_depth,2,4407242
238,hist_find_depth,3,975494
238,hist_find_depth,4,417703
238,hist_find_depth,5,76354
238,hist_find_depth,6,30409
238,hist_find_depth,7,2987
238,hist_find_depth,8,649
238,hist_find_depth,9,59
238,hist_find_depth,10,8
238,hist_find_depth,11,1
239,hist_cross_node_write,0,4361437
239,hist_cross_node_write,1,83003
239,hist_cross_node_write,2,4
240,hist_cross_node_find_depth,0,0
241,hist_cross_node_read,0,3444773
241,hist_cross_node_read,1,999525
241,hist_cross_node_read,2,146
242,hist_local_find_depth,0,0
243,hist_find_depth,0,0
243,hist_find_depth,1,7403006
243,hist_find_depth,2,1125381
243,hist_find_depth,3,295865
243,hist_find_depth,4,54342
243,hist_find_depth,5,8702
243,hist_find_depth,6,1307
243,hist_find_depth,7,200
243,hist_find_depth,8,36
243,hist_find_depth,9,9
243,hist_find_depth,10,5
243,hist_find_depth,11,5
243,hist_find_depth,12,7
243,hist_find_depth,13,1
243,hist_find_depth,14,0
243,hist_find_depth,15,2
243,hist_find_depth,16,2
243,hist_find_depth,17,3
243,hist_find_depth,18,2
243,hist_find_depth,19,1
243,hist_find_depth,20,2
243,hist_find_depth,21,0
243,hist_find_depth,22,2
243,hist_find_depth,23,5
243,hist_find_depth,24,1
243,hist_find_depth,25,2
244,hist_cross_node_write,0,3444773
244,hist_cross_node_write,1,0
244,hist_cross_node_write,2,999671
245,hist_cross_node_find_depth,0,0
246,hist_cross_node_read,0,3444773
246,hist_cross_node_read,1,999542
246,hist_cross_node_read,2,129
247,hist_local_find_depth,0,0
248,hist_find_depth,0,0
248,hist_find_depth,1,7416902
248,hist_find_depth,2,1118544
248,hist_find_depth,3,290195
248,hist_find_depth,4,53096
248,hist_find_depth,5,8493
248,hist_find_depth,6,1349
248,hist_find_depth,7,216
248,hist_find_depth,8,29
248,hist_find_depth,9,13
248,hist_find_depth,10,6
248,hist_find_depth,11,4
248,hist_find_depth,12,4
248,hist_find_depth,13,7
248,hist_find_depth,14,2
248,hist_find_depth,15,1
248,hist_find_depth,16,5
248,hist_find_depth,17,2
248,hist_find_depth,18,0
248,hist_find_depth,19,0
248,hist_find_depth,20,0
248,hist_find_depth,21,0
248,hist_find_depth,22,1
248,hist_find_depth,23,0
248,hist_find_depth,24,1
248,hist_find_depth,25,0
248,hist_find_depth,26,0
248,hist_find_depth,27,0
248,hist_find_depth,28,0
248,hist_find_depth,29,2
248,hist_find_depth,30,5
248,hist_find_depth,31,2
248,hist_find_depth,32,3
248,hist_find_depth,33,0
248,hist_find_depth,34,1
248,hist_find_depth,35,1
248,hist_find_depth,36,0
248,hist_find_depth,37,0
248,hist_find_depth,38,1
248,hist_find_depth,39,1
248,hist_find_depth,40,0
248,hist_find_depth,41,0
248,hist_find_depth,42,0
248,hist_find_depth,43,0
248,hist_find_depth,44,0
248,hist_find_depth,45,0
248,hist_find_depth,46,0
248,hist_find_depth,47,0
248,hist_find_depth,48,0
248,hist_find_depth,49,0
248,hist_find_depth,50,0
248,hist_find_depth,51,0
248,hist_find_depth,52,0
248,hist_find_depth,53,0
248,hist_find_depth,54,0
248,hist_find_depth,55,0
248,hist_find_depth,56,0
248,hist_find_depth,57,0
248,hist_find_depth,58,0
248,hist_find_depth,59,2
249,hist_cross_node_write,0,3444773
249,hist_cross_node_write,1,0
249,hist_cross_node_write,2,999671
250,hist_cross_node_find_depth,0,0
251,hist_cross_node_read,0,3444773
251,hist_cross_node_read,1,999548
251,hist_cross_node_read,2,123
252,hist_local_find_depth,0,0
253,hist_find_depth,0,0
253,hist_find_depth,1,7498119
253,hist_find_depth,2,1064530
253,hist_find_depth,3,267037
253,hist_find_depth,4,49547
253,hist_find_depth,5,8062
253,hist_find_depth,6,1312
253,hist_find_depth,7,191
253,hist_find_depth,8,42
253,hist_find_depth,9,6
253,hist_find_depth,10,6
253,hist_find_depth,11,8
253,hist_find_depth,12,7
253,hist_find_depth,13,2
253,hist_find_depth,14,0
253,hist_find_depth,15,2
253,hist_find_depth,16,0
253,hist_find_depth,17,0
253,hist_find_depth,18,3
253,hist_find_depth,19,3
253,hist_find_depth,20,1
253,hist_find_depth,21,0
253,hist_find_depth,22,0
253,hist_find_depth,23,0
253,hist_find_depth,24,1
253,hist_find_depth,25,2
253,hist_find_depth,26,0
253,hist_find_depth,27,1
253,hist_find_depth,28,0
253,hist_find_depth,29,0
253,hist_find_depth,30,1
253,hist_find_depth,31,1
253,hist_find_depth,32,0
253,hist_find_depth,33,0
253,hist_find_depth,34,0
253,hist_find_depth,35,1
253,hist_find_depth,36,1
253,hist_find_depth,37,0
253,hist_find_depth,38,0
253,hist_find_depth,39,0
253,hist_find_depth,40,0
253,hist_find_depth,41,0
253,hist_find_depth,42,0
253,hist_find_depth,43,0
253,hist_find_depth,44,0
253,hist_find_depth,45,2
254,hist_cross_node_write,0,3444773
254,hist_cross_node_write,1,0
254,hist_cross_node_write,2,999671
255,hist_cross_node_find_depth,0,0
256,hist_cross_node_read,0,3444742
256,hist_cross_node_read,1,999546
256,hist_cross_node_read,2,156
257,hist_local_find_depth,0,0
258,hist_find_depth,0,0
258,hist_find_depth,1,7748026
258,hist_find_depth,2,880871
258,hist_find_depth,3,204707
258,hist_find_depth,4,45053
258,hist_find_depth,5,8478
258,hist_find_depth,6,1411
258,hist_find_depth,7,250
258,hist_find_depth,8,48
258,hist_find_depth,9,13
258,hist_find_depth,10,2
258,hist_find_depth,11,6
258,hist_find_depth,12,4
258,hist_find_depth,13,3
258,hist_find_depth,14,0
258,hist_find_depth,15,3
258,hist_find_depth,16,2
258,hist_find_depth,17,1
258,hist_find_depth,18,0
258,hist_find_depth,19,1
258,hist_find_depth,20,1
258,hist_find_depth,21,1
258,hist_find_depth,22,1
258,hist_find_depth,23,0
258,hist_find_depth,24,0
258,hist_find_depth,25,0
258,hist_find_depth,26,0
258,hist_find_depth,27,1
258,hist_find_depth,28,1
258,hist_find_depth,29,2
258,hist_find_depth,30,0
258,hist_find_depth,31,0
258,hist_find_depth,32,0
258,hist_find_depth,33,0
258,hist_find_depth,34,0
258,hist_find_depth,35,0
258,hist_find_depth,36,0
258,hist_find_depth,37,0
258,hist_find_depth,38,0
258,hist_find_depth,39,0
258,hist_find_depth,40,0
258,hist_find_depth,41,0
258,hist_find_depth,42,0
258,hist_find_depth,43,0
258,hist_find_depth,44,0
258,hist_find_depth,45,0
258,hist_find_depth,46,0
258,hist_find_depth,47,0
258,hist_find_depth,48,0
258,hist_find_depth,49,0
258,hist_find_depth,50,0
258,hist_find_depth,51,0
258,hist_find_depth,52,0
258,hist_find_depth,53,0
258,hist_find_depth,54,0
258,hist_find_depth,55,0
258,hist_find_depth,56,0
258,hist_find_depth,57,0
258,hist_find_depth,58,0
258,hist_find_depth,59,0
258,hist_find_depth,60,0
258,hist_find_depth,61,0
258,hist_find_depth,62,0
258,hist_find_depth,63,0
258,hist_find_depth,64,0
258,hist_find_depth,65,0
258,hist_find_depth,66,0
258,hist_find_depth,67,0
258,hist_find_depth,68,0
258,hist_find_depth,69,0
258,hist_find_depth,70,0
258,hist_find_depth,71,0
258,hist_find_depth,72,0
258,hist_find_depth,73,0
258,hist_find_depth,74,0
258,hist_find_depth,75,0
258,hist_find_depth,76,0
258,hist_find_depth,77,0
258,hist_find_depth,78,0
258,hist_find_depth,79,0
258,hist_find_depth,80,0
258,hist_find_depth,81,0
258,hist_find_depth,82,0
258,hist_find_depth,83,0
258,hist_find_depth,84,0
258,hist_find_depth,85,0
258,hist_find_depth,86,0
258,hist_find_depth,87,0
258,hist_find_depth,88,0
258,hist_find_depth,89,0
258,hist_find_depth,90,0
258,hist_find_depth,91,0
258,hist_find_depth,92,0
258,hist_find_depth,93,0
258,hist_find_depth,94,0
258,hist_find_depth,95,0
258,hist_find_depth,96,0
258,hist_find_depth,97,0
258,hist_find_depth,98,0
258,hist_find_depth,99,0
258,hist_find_depth,100,0
258,hist_find_depth,101,0
258,hist_find_depth,102,0
258,hist_find_depth,103,0
258,hist_find_depth,104,0
258,hist_find_depth,105,0
258,hist_find_depth,106,0
258,hist_find_depth,107,0
258,hist_find_depth,108,0
258,hist_find_depth,109,0
258,hist_find_depth,110,0
258,hist_find_depth,111,0
258,hist_find_depth,112,0
258,hist_find_depth,113,0
258,hist_find_depth,114,0
258,hist_find_depth,115,0
258,hist_find_depth,116,0
258,hist_find_depth,117,0
258,hist_find_depth,118,0
258,hist_find_depth,119,0
258,hist_find_depth,120,0
258,hist_find_depth,121,0
258,hist_find_depth,122,0
258,hist_find_depth,123,0
258,hist_find_depth,124,0
258,hist_find_depth,125,0
258,hist_find_depth,126,0
258,hist_find_depth,127,0
258,hist_find_depth,128,0
258,hist_find_depth,129,0
258,hist_find_depth,130,0
258,hist_find_depth,131,0
258,hist_find_depth,132,0
258,hist_find_depth,133,0
258,hist_find_depth,134,0
258,hist_find_depth,135,0
258,hist_find_depth,136,0
258,hist_find_depth,137,0
258,hist_find_depth,138,2
259,hist_cross_node_write,0,3444742
259,hist_cross_node_write,1,0
259,hist_cross_node_write,2,999702
260,hist_cross_node_find_depth,0,0
261,hist_cross_node_read,0,3444742
261,hist_cross_node_read,1,999583
261,hist_cross_node_read,2,119
262,hist_local_find_depth,0,0
263,hist_find_depth,0,0
263,hist_find_depth,1,7733722
263,hist_find_depth,2,895603
263,hist_find_depth,3,206355
263,hist_find_depth,4,43514
263,hist_find_depth,5,8049
263,hist_find_depth,6,1311
263,hist_find_depth,7,235
263,hist_find_depth,8,50
263,hist_find_depth,9,14
263,hist_find_depth,10,3
263,hist_find_depth,11,1
263,hist_find_depth,12,0
263,hist_find_depth,13,1
263,hist_find_depth,14,5
263,hist_find_depth,15,2
263,hist_find_depth,16,3
263,hist_find_depth,17,3
263,hist_find_depth,18,3
263,hist_find_depth,19,2
263,hist_find_depth,20,0
263,hist_find_depth,21,2
263,hist_find_depth,22,0
263,hist_find_depth,23,0
263,hist_find_depth,24,1
263,hist_find_depth,25,0
263,hist_find_depth,26,3
263,hist_find_depth,27,0
263,hist_find_depth,28,0
263,hist_find_depth,29,1
263,hist_find_depth,30,1
263,hist_find_depth,31,0
263,hist_find_depth,32,0
263,hist_find_depth,33,2
263,hist_find_depth,34,0
263,hist_find_depth,35,0
263,hist_find_depth,36,0
263,hist_find_depth,37,0
263,hist_find_depth,38,0
263,hist_find_depth,39,0
263,hist_find_depth,40,0
263,hist_find_depth,41,0
263,hist_find_depth,42,0
263,hist_find_depth,43,0
263,hist_find_depth,44,0
263,hist_find_depth,45,0
263,hist_find_depth,46,0
263,hist_find_depth,47,2
264,hist_cross_node_write,0,3444742
264,hist_cross_node_write,1,0
264,hist_cross_node_write,2,999702
265,hist_cross_node_find_depth,0,0
266,hist_cross_node_read,0,3444742
266,hist_cross_node_read,1,999572
266,hist_cross_node_read,2,130
267,hist_local_find_depth,0,0
268,hist_find_depth,0,0
268,hist_find_depth,1,7739651
268,hist_find_depth,2,888260
268,hist_find_depth,3,206656
268,hist_find_depth,4,44419
268,hist_find_depth,5,8216
268,hist_find_depth,6,1383
268,hist_find_depth,7,210
268,hist_find_depth,8,51
268,hist_find_depth,9,8
268,hist_find_depth,10,2
268,hist_find_depth,11,1
268,hist_find_depth,12,1
268,hist_find_depth,13,4
268,hist_find_depth,14,0
268,hist_find_depth,15,0
268,hist_find_depth,16,3
268,hist_find_depth,17,1
268,hist_find_depth,18,2
268,hist_find_depth,19,2
268,hist_find_depth,20,0
268,hist_find_depth,21,4
268,hist_find_depth,22,1
268,hist_find_depth,23,2
268,hist_find_depth,24,0
268,hist_find_depth,25,1
268,hist_find_depth,26,0
268,hist_find_depth,27,0
268,hist_find_depth,28,1
268,hist_find_depth,29,1
268,hist_find_depth,30,1
268,hist_find_depth,31,1
268,hist_find_depth,32,1
268,hist_find_depth,33,3
268,hist_find_depth,34,0
268,hist_find_depth,35,0
268,hist_find_depth,36,0
268,hist_find_depth,37,0
268,hist_find_depth,38,0
268,hist_find_depth,39,0
268,hist_find_depth,40,0
268,hist_find_depth,41,0
268,hist_find_depth,42,0
268,hist_find_depth,43,0
268,hist_find_depth,44,0
268,hist_find_depth,45,0
268,hist_find_depth,46,0
268,hist_find_depth,47,0
268,hist_find_depth,48,0
268,hist_find_depth,49,0
268,hist_find_depth,50,0
268,hist_find_depth,51,0
268,hist_find_depth,52,0
268,hist_find_depth,53,0
268,hist_find_depth,54,0
268,hist_find_depth,55,0
268,hist_find_depth,56,0
268,hist_find_depth,57,0
268,hist_find_depth,58,0
268,hist_find_depth,59,0
268,hist_find_depth,60,0
268,hist_find_depth,61,0
268,hist_find_depth,62,0
268,hist_find_depth,63,0
268,hist_find_depth,64,0
268,hist_find_depth,65,0
268,hist_find_depth,66,0
268,hist_find_depth,67,0
268,hist_find_depth,68,0
268,hist_find_depth,69,0
268,hist_find_depth,70,0
268,hist_find_depth,71,0
268,hist_find_depth,72,0
268,hist_find_depth,73,0
268,hist_find_depth,74,0
268,hist_find_depth,75,1
268,hist_find_depth,76,1
269,hist_cross_node_write,0,3444742
269,hist_cross_node_write,1,0
269,hist_cross_node_write,2,999702
270,hist_cross_node_find_depth,0,6172667
270,hist_cross_node_find_depth,1,2578298
270,hist_cross_node_find_depth,2,117540
270,hist_cross_node_find_depth,3,17244
270,hist_cross_node_find_depth,4,2765
270,hist_cross_node_find_depth,5,328
270,hist_cross_node_find_depth,6,39
270,hist_cross_node_find_depth,7,6
270,hist_cross_node_find_depth,8,1
271,hist_cross_node_read,0,3724273
271,hist_cross_node_read,1,189031
271,hist_cross_node_read,2,317127
271,hist_cross_node_read,3,27208
271,hist_cross_node_read,4,171471
271,hist_cross_node_read,5,4235
271,hist_cross_node_read,6,8031
271,hist_cross_node_read,7,2297
271,hist_cross_node_read,8,684
271,hist_cross_node_read,9,24
271,hist_cross_node_read,10,53
271,hist_cross_node_read,11,5
271,hist_cross_node_read,12,4
271,hist_cross_node_read,13,0
271,hist_cross_node_read,14,1
272,hist_local_find_depth,0,0
272,hist_local_find_depth,1,4460486
272,hist_local_find_depth,2,3588871
272,hist_local_find_depth,3,683474
272,hist_local_find_depth,4,136946
272,hist_local_find_depth,5,17227
272,hist_local_find_depth,6,1730
272,hist_local_find_depth,7,139
272,hist_local_find_depth,8,14
272,hist_local_find_depth,9,1
273,hist_find_depth,0,0
273,hist_find_depth,1,2497923
273,hist_find_depth,2,4980279
273,hist_find_depth,3,1005999
273,hist_find_depth,4,307274
273,hist_find_depth,5,80405
273,hist_find_depth,6,14764
273,hist_find_depth,7,2022
273,hist_find_depth,8,199
273,hist_find_depth,9,22
273,hist_find_depth,10,1
274,hist_cross_node_write,0,4367270
274,hist_cross_node_write,1,77172
274,hist_cross_node_write,2,2
275,hist_cross_node_find_depth,0,6169608
275,hist_cross_node_find_depth,1,2577342
275,hist_cross_node_find_depth,2,120538
275,hist_cross_node_find_depth,3,18123
275,hist_cross_node_find_depth,4,2875
275,hist_cross_node_find_depth,5,350
275,hist_cross_node_find_depth,6,48
275,hist_cross_node_find_depth,7,4
276,hist_cross_node_read,0,3727907
276,hist_cross_node_read,1,192087
276,hist_cross_node_read,2,311352
276,hist_cross_node_read,3,26695
276,hist_cross_node_read,4,170217
276,hist_cross_node_read,5,4539
276,hist_cross_node_read,6,8538
276,hist_cross_node_read,7,2313
276,hist_cross_node_read,8,708
276,hist_cross_node_read,9,19
276,hist_cross_node_read,10,63
276,hist_cross_node_read,11,3
276,hist_cross_node_read,12,3
277,hist_local_find_depth,0,0
277,hist_local_find_depth,1,4464316
277,hist_local_find_depth,2,3546394
277,hist_local_find_depth,3,715816
277,hist_local_find_depth,4,142471
277,hist_local_find_depth,5,17900
277,hist_local_find_depth,6,1826
277,hist_local_find_depth,7,141
277,hist_local_find_depth,8,23
277,hist_local_find_depth,9,1
278,hist_find_depth,0,0
278,hist_find_depth,1,2500444
278,hist_find_depth,2,4938720
278,hist_find_depth,3,1034337
278,hist_find_depth,4,315746
278,hist_find_depth,5,81931
278,hist_find_depth,6,15367
278,hist_find_depth,7,2089
278,hist_find_depth,8,223
278,hist_find_depth,9,28
278,hist_find_depth,10,3
279,hist_cross_node_write,0,4367189
279,hist_cross_node_write,1,77254
279,hist_cross_node_write,2,1
280,hist_cross_node_find_depth,0,6171248
280,hist_cross_node_find_depth,1,2577698
280,hist_cross_node_find_depth,2,119151
280,hist_cross_node_find_depth,3,17629
280,hist_cross_node_find_depth,4,2780
280,hist_cross_node_find_depth,5,325
280,hist_cross_node_find_depth,6,53
280,hist_cross_node_find_depth,7,4
281,hist_cross_node_read,0,3728057
281,hist_cross_node_read,1,191096
281,hist_cross_node_read,2,312301
281,hist_cross_node_read,3,27053
281,hist_cross_node_read,4,170139
281,hist_cross_node_read,5,4391
281,hist_cross_node_read,6,8303
281,hist_cross_node_read,7,2322
281,hist_cross_node_read,8,691
281,hist_cross_node_read,9,21
281,hist_cross_node_read,10,64
281,hist_cross_node_read,11,4
281,hist_cross_node_read,12,2
282,hist_local_find_depth,0,0
282,hist_local_find_depth,1,4472131
282,hist_local_find_depth,2,3557924
282,hist_local_find_depth,3,700456
282,hist_local_find_depth,4,138911
282,hist_local_find_depth,5,17511
282,hist_local_find_depth,6,1779
282,hist_local_find_depth,7,163
282,hist_local_find_depth,8,10
282,hist_local_find_depth,9,3
283,hist_find_depth,0,0
283,hist_find_depth,1,2507343
283,hist_find_depth,2,4951936
283,hist_find_depth,3,1020971
283,hist_find_depth,4,310791
283,hist_find_depth,5,80522
283,hist_find_depth,6,15025
283,hist_find_depth,7,2030
283,hist_find_depth,8,249
283,hist_find_depth,9,18
283,hist_find_depth,10,3
284,hist_cross_node_write,0,4367140
284,hist_cross_node_write,1,77301
284,hist_cross_node_write,2,3
285,hist_cross_node_find_depth,0,6153625
285,hist_cross_node_find_depth,1,2627655
285,hist_cross_node_find_depth,2,92663
285,hist_cross_node_find_depth,3,12207
285,hist_cross_node_find_depth,4,2333
285,hist_cross_node_find_depth,5,344
285,hist_cross_node_find_depth,6,56
285,hist_cross_node_find_depth,7,4
285,hist_cross_node_find_depth,8,1
286,hist_cross_node_read,0,3750414
286,hist_cross_node_read,1,170487
286,hist_cross_node_read,2,279563
286,hist_cross_node_read,3,23585
286,hist_cross_node_read,4,202629
286,hist_cross_node_read,5,2604
286,hist_cross_node_read,6,11302
286,hist_cross_node_read,7,2823
286,hist_cross_node_read,8,929
286,hist_cross_node_read,9,27
286,hist_cross_node_read,10,70
286,hist_cross_node_read,11,1
286,hist_cross_node_read,12,9
286,hist_cross_node_read,13,1
287,hist_local_find_depth,0,0
287,hist_local_find_depth,1,4931655
287,hist_local_find_depth,2,3410285
287,hist_local_find_depth,3,449759
287,hist_local_find_depth,4,82310
287,hist_local_find_depth,5,13103
287,hist_local_find_depth,6,1569
287,hist_local_find_depth,7,189
287,hist_local_find_depth,8,18
288,hist_find_depth,0,0
288,hist_find_depth,1,2947584
288,hist_find_depth,2,4786546
288,hist_find_depth,3,863369
288,hist_find_depth,4,217322
288,hist_find_depth,5,59046
288,hist_find_depth,6,12658
288,hist_find_depth,7,2033
288,hist_find_depth,8,289
288,hist_find_depth,9,39
288,hist_find_depth,10,1
288,hist_find_depth,11,1
289,hist_cross_node_write,0,4365204
289,hist_cross_node_write,1,79234
289,hist_cross_node_write,2,6
290,hist_cross_node_find_depth,0,6154243
290,hist_cross_node_find_depth,1,2628475
290,hist_cross_node_find_depth,2,91820
290,hist_cross_node_find_depth,3,11811
290,hist_cross_node_find_depth,4,2188
290,hist_cross_node_find_depth,5,300
290,hist_cross_node_find_depth,6,45
290,hist_cross_node_find_depth,7,5
290,hist_cross_node_find_depth,8,1
291,hist_cross_node_read,0,3751062
291,hist_cross_node_read,1,171060
291,hist_cross_node_read,2,278778
291,hist_cross_node_read,3,23620
291,hist_cross_node_read,4,202195
291,hist_cross_node_read,5,2641
291,hist_cross_node_read,6,11246
291,hist_cross_node_read,7,2791
291,hist_cross_node_read,8,936
291,hist_cross_node_read,9,34
291,hist_cross_node_read,10,72
291,hist_cross_node_read,11,3
291,hist_cross_node_read,12,5
291,hist_cross_node_read,13,0
291,hist_cross_node_read,14,1
292,hist_local_find_depth,0,0
292,hist_local_find_depth,1,4935091
292,hist_local_find_depth,2,3415258
292,hist_local_find_depth,3,446876
292,hist_local_find_depth,4,78384
292,hist_local_find_depth,5,11660
292,hist_local_find_depth,6,1427
292,hist_local_find_depth,7,167
292,hist_local_find_depth,8,25
293,hist_find_depth,0,0
293,hist_find_depth,1,2949228
293,hist_find_depth,2,4792084
293,hist_find_depth,3,862974
293,hist_find_depth,4,215193
293,hist_find_depth,5,55878
293,hist_find_depth,6,11423
293,hist_find_depth,7,1815
293,hist_find_depth,8,246
293,hist_find_depth,9,46
293,hist_find_depth,10,1
294,hist_cross_node_write,0,4365242
294,hist_cross_node_write,1,79199
294,hist_cross_node_write,2,3
295,hist_cross_node_find_depth,0,6151403
295,hist_cross_node_find_depth,1,2632184
295,hist_cross_node_find_depth,2,91386
295,hist_cross_node_find_depth,3,11413
295,hist_cross_node_find_depth,4,2116
295,hist_cross_node_find_depth,5,342
295,hist_cross_node_find_depth,6,41
295,hist_cross_node_find_depth,7,3
296,hist_cross_node_read,0,3750096
296,hist_cross_node_read,1,171826
296,hist_cross_node_read,2,278260
296,hist_cross_node_read,3,23426
296,hist_cross_node_read,4,203161
296,hist_cross_node_read,5,2536
296,hist_cross_node_read,6,11281
296,hist_cross_node_read,7,2844
296,hist_cross_node_read,8,910
296,hist_cross_node_read,9,27
296,hist_cross_node_read,10,68
296,hist_cross_node_read,11,4
296,hist_cross_node_read,12,5
297,hist_local_find_depth,0,0
297,hist_local_find_depth,1,4944083
297,hist_local_find_depth,2,3416270
297,hist_local_find_depth,3,438610
297,hist_local_find_depth,4,76780
297,hist_local_find_depth,5,11538
297,hist_local_find_depth,6,1436
297,hist_local_find_depth,7,153
297,hist_local_find_depth,8,17
297,hist_local_find_depth,9,1
298,hist_find_depth,0,0
298,hist_find_depth,1,2956571
298,hist_find_depth,2,4792388
298,hist_find_depth,3,859293
298,hist_find_depth,4,211579
298,hist_find_depth,5,55511
298,hist_find_depth,6,11482
298,hist_find_depth,7,1802
298,hist_find_depth,8,233
298,hist_find_depth,9,26
298,hist_find_depth,10,3
299,hist_cross_node_write,0,4365195
299,hist_cross_node_write,1,79244
299,hist_cross_node_write,2,5
