DSU,N,E,interpairFraction,sameSetFraction,shuffleVertices,Score,Score Error
AdaptiveSmart/halfing,1000000,4000000,0.020,0.200,1,1651943.289,330242.212
AdaptiveSmart/halfing:cross_node_read,1000000,4000000,0.020,0.200,1,522009.167,256130.729
AdaptiveSmart/halfing:this_node_read,1000000,4000000,0.020,0.200,1,23020994.667,559189.062
AdaptiveSmart/halfing:cross_node_write,1000000,4000000,0.020,0.200,1,17374.667,327.827
AdaptiveSmart/halfing:this_node_read_success,1000000,4000000,0.020,0.200,1,451739.500,47329.975
AdaptiveSmart/halfing:this_node_write,1000000,4000000,0.020,0.200,1,2461740.167,452871.090
AdaptiveSmart/halfing:global_data_read_write,1000000,4000000,0.020,0.200,1,0.000,0.000
AdaptiveSmart/halfing:same_set_requests_true,1000000,4000000,0.020,0.200,1,747620.667,1012.667
AdaptiveSmart/halfing:same_set_requests_false,1000000,4000000,0.020,0.200,1,251626.333,759.247
AdaptiveSmart/halfing:union_requests,1000000,4000000,0.020,0.200,1,4000721.000,257.430
AdaptiveSmart/squashing,1000000,4000000,0.020,0.200,1,1603625.763,349333.765
AdaptiveSmart/squashing:cross_node_read,1000000,4000000,0.020,0.200,1,459736.667,42894.217
AdaptiveSmart/squashing:this_node_read,1000000,4000000,0.020,0.200,1,23468570.333,911980.406
AdaptiveSmart/squashing:cross_node_write,1000000,4000000,0.020,0.200,1,17092.833,108.601
AdaptiveSmart/squashing:this_node_read_success,1000000,4000000,0.020,0.200,1,470176.500,37131.374
AdaptiveSmart/squashing:this_node_write,1000000,4000000,0.020,0.200,1,2423067.000,475598.783
AdaptiveSmart/squashing:global_data_read_write,1000000,4000000,0.020,0.200,1,0.000,0.000
AdaptiveSmart/squashing:same_set_requests_true,1000000,4000000,0.020,0.200,1,748031.500,871.249
AdaptiveSmart/squashing:same_set_requests_false,1000000,4000000,0.020,0.200,1,251215.500,613.898
AdaptiveSmart/squashing:union_requests,1000000,4000000,0.020,0.200,1,4000721.000,257.430
AdaptiveSmart/halfing,1000000,16000000,0.020,0.200,1,2358312.559,518674.452
AdaptiveSmart/halfing:cross_node_read,1000000,16000000,0.020,0.200,1,1756815.000,689855.583
AdaptiveSmart/halfing:this_node_read,1000000,16000000,0.020,0.200,1,84862836.333,1555223.225
AdaptiveSmart/halfing:cross_node_write,1000000,16000000,0.020,0.200,1,17500.667,250.884
AdaptiveSmart/halfing:this_node_read_success,1000000,16000000,0.020,0.200,1,2016090.167,1220750.101
AdaptiveSmart/halfing:this_node_write,1000000,16000000,0.020,0.200,1,2281570.500,128262.081
AdaptiveSmart/halfing:global_data_read_write,1000000,16000000,0.020,0.200,1,0.000,0.000
AdaptiveSmart/halfing:same_set_requests_true,1000000,16000000,0.020,0.200,1,3750848.833,1379.145
AdaptiveSmart/halfing:same_set_requests_false,1000000,16000000,0.020,0.200,1,250975.667,1467.100
AdaptiveSmart/halfing:union_requests,1000000,16000000,0.020,0.200,1,15998175.500,104.615
AdaptiveSmart/squashing,1000000,16000000,0.020,0.200,1,2373262.540,531796.688
AdaptiveSmart/squashing:cross_node_read,1000000,16000000,0.020,0.200,1,1907957.833,941706.749
AdaptiveSmart/squashing:this_node_read,1000000,16000000,0.020,0.200,1,84683056.000,542971.580
AdaptiveSmart/squashing:cross_node_write,1000000,16000000,0.020,0.200,1,17314.833,121.979
AdaptiveSmart/squashing:this_node_read_success,1000000,16000000,0.020,0.200,1,1280272.167,150387.500
AdaptiveSmart/squashing:this_node_write,1000000,16000000,0.020,0.200,1,2287701.500,138640.143
AdaptiveSmart/squashing:global_data_read_write,1000000,16000000,0.020,0.200,1,0.000,0.000
AdaptiveSmart/squashing:same_set_requests_true,1000000,16000000,0.020,0.200,1,3751688.833,255.063
AdaptiveSmart/squashing:same_set_requests_false,1000000,16000000,0.020,0.200,1,250135.667,344.708
AdaptiveSmart/squashing:union_requests,1000000,16000000,0.020,0.200,1,15998175.500,104.615
AdaptiveSmart/halfing,1000000,64000000,0.020,0.200,1,2501913.378,667868.077
AdaptiveSmart/halfing:cross_node_read,1000000,64000000,0.020,0.200,1,5539358.500,1713451.615
AdaptiveSmart/halfing:this_node_read,1000000,64000000,0.020,0.200,1,330534612.833,1988376.688
AdaptiveSmart/halfing:cross_node_write,1000000,64000000,0.020,0.200,1,17088.667,93.803
AdaptiveSmart/halfing:this_node_read_success,1000000,64000000,0.020,0.200,1,5224690.000,883483.974
AdaptiveSmart/halfing:this_node_write,1000000,64000000,0.020,0.200,1,2595545.833,10145.697
AdaptiveSmart/halfing:global_data_read_write,1000000,64000000,0.020,0.200,1,0.000,0.000
AdaptiveSmart/halfing:same_set_requests_true,1000000,64000000,0.020,0.200,1,15748833.333,1303.715
AdaptiveSmart/halfing:same_set_requests_false,1000000,64000000,0.020,0.200,1,253631.167,547.842
AdaptiveSmart/halfing:union_requests,1000000,64000000,0.020,0.200,1,63997535.500,897.717
AdaptiveSmart/squashing,1000000,64000000,0.020,0.200,1,2604419.108,688150.725
AdaptiveSmart/squashing:cross_node_read,1000000,64000000,0.020,0.200,1,8328920.500,1748052.345
AdaptiveSmart/squashing:this_node_read,1000000,64000000,0.020,0.200,1,336400973.333,2377734.602
AdaptiveSmart/squashing:cross_node_write,1000000,64000000,0.020,0.200,1,17498.167,146.736
AdaptiveSmart/squashing:this_node_read_success,1000000,64000000,0.020,0.200,1,8438957.000,3427997.239
AdaptiveSmart/squashing:this_node_write,1000000,64000000,0.020,0.200,1,2564503.333,8988.684
AdaptiveSmart/squashing:global_data_read_write,1000000,64000000,0.020,0.200,1,0.000,0.000
AdaptiveSmart/squashing:same_set_requests_true,1000000,64000000,0.020,0.200,1,15747645.333,1025.102
AdaptiveSmart/squashing:same_set_requests_false,1000000,64000000,0.020,0.200,1,254819.167,1289.955
AdaptiveSmart/squashing:union_requests,1000000,64000000,0.020,0.200,1,63997535.500,897.717
AdaptiveSmart/halfing,1000000,4000000,0.100,0.200,1,1479313.225,107160.100
AdaptiveSmart/halfing:cross_node_read,1000000,4000000,0.100,0.200,1,1545837.167,26249.848
AdaptiveSmart/halfing:this_node_read,1000000,4000000,0.100,0.200,1,24652743.833,253359.853
AdaptiveSmart/halfing:cross_node_write,1000000,4000000,0.100,0.200,1,77486.333,386.242
AdaptiveSmart/halfing:this_node_read_success,1000000,4000000,0.100,0.200,1,972291.167,16827.596
AdaptiveSmart/halfing:this_node_write,1000000,4000000,0.100,0.200,1,2937274.333,148989.280
AdaptiveSmart/halfing:global_data_read_write,1000000,4000000,0.100,0.200,1,0.000,0.000
AdaptiveSmart/halfing:same_set_requests_true,1000000,4000000,0.100,0.200,1,742339.000,315.944
AdaptiveSmart/halfing:same_set_requests_false,1000000,4000000,0.100,0.200,1,257410.000,1340.476
AdaptiveSmart/halfing:union_requests,1000000,4000000,0.100,0.200,1,4000219.000,1283.862
AdaptiveSmart/squashing,1000000,4000000,0.100,0.200,1,1171539.850,169483.106
AdaptiveSmart/squashing:cross_node_read,1000000,4000000,0.100,0.200,1,1639245.333,120827.682
AdaptiveSmart/squashing:this_node_read,1000000,4000000,0.100,0.200,1,25858549.167,180665.713
AdaptiveSmart/squashing:cross_node_write,1000000,4000000,0.100,0.200,1,78782.500,1244.807
AdaptiveSmart/squashing:this_node_read_success,1000000,4000000,0.100,0.200,1,1046928.667,6738.975
AdaptiveSmart/squashing:this_node_write,1000000,4000000,0.100,0.200,1,3111306.500,27087.718
AdaptiveSmart/squashing:global_data_read_write,1000000,4000000,0.100,0.200,1,0.000,0.000
AdaptiveSmart/squashing:same_set_requests_true,1000000,4000000,0.100,0.200,1,743053.000,1817.041
AdaptiveSmart/squashing:same_set_requests_false,1000000,4000000,0.100,0.200,1,256696.000,570.697
AdaptiveSmart/squashing:union_requests,1000000,4000000,0.100,0.200,1,4000219.000,1283.862
AdaptiveSmart/halfing,1000000,16000000,0.100,0.200,1,2167749.960,274303.429
AdaptiveSmart/halfing:cross_node_read,1000000,16000000,0.100,0.200,1,3924601.833,334521.837
AdaptiveSmart/halfing:this_node_read,1000000,16000000,0.100,0.200,1,88142024.000,512484.701
AdaptiveSmart/halfing:cross_node_write,1000000,16000000,0.100,0.200,1,78454.000,283.454
AdaptiveSmart/halfing:this_node_read_success,1000000,16000000,0.100,0.200,1,2725046.167,1094792.408
AdaptiveSmart/halfing:this_node_write,1000000,16000000,0.100,0.200,1,3597274.833,835493.980
AdaptiveSmart/halfing:global_data_read_write,1000000,16000000,0.100,0.200,1,0.000,0.000
AdaptiveSmart/halfing:same_set_requests_true,1000000,16000000,0.100,0.200,1,3740956.000,6279.387
AdaptiveSmart/halfing:same_set_requests_false,1000000,16000000,0.100,0.200,1,259932.500,5434.467
AdaptiveSmart/halfing:union_requests,1000000,16000000,0.100,0.200,1,15999111.500,845.136
AdaptiveSmart/squashing,1000000,16000000,0.100,0.200,1,1917413.447,373771.452
AdaptiveSmart/squashing:cross_node_read,1000000,16000000,0.100,0.200,1,3688167.667,60305.038
AdaptiveSmart/squashing:this_node_read,1000000,16000000,0.100,0.200,1,89142641.667,968832.745
AdaptiveSmart/squashing:cross_node_write,1000000,16000000,0.100,0.200,1,77929.833,732.416
AdaptiveSmart/squashing:this_node_read_success,1000000,16000000,0.100,0.200,1,2913896.333,1096248.559
AdaptiveSmart/squashing:this_node_write,1000000,16000000,0.100,0.200,1,3659038.000,977585.688
AdaptiveSmart/squashing:global_data_read_write,1000000,16000000,0.100,0.200,1,0.000,0.000
AdaptiveSmart/squashing:same_set_requests_true,1000000,16000000,0.100,0.200,1,3743370.667,4678.505
AdaptiveSmart/squashing:same_set_requests_false,1000000,16000000,0.100,0.200,1,257517.833,3834.625
AdaptiveSmart/squashing:union_requests,1000000,16000000,0.100,0.200,1,15999111.500,845.136
AdaptiveSmart/halfing,1000000,64000000,0.100,0.200,1,2492671.152,553116.472
AdaptiveSmart/halfing:cross_node_read,1000000,64000000,0.100,0.200,1,12199477.000,5653782.698
AdaptiveSmart/halfing:this_node_read,1000000,64000000,0.100,0.200,1,338204266.000,3406336.935
AdaptiveSmart/halfing:cross_node_write,1000000,64000000,0.100,0.200,1,77711.500,306.683
AdaptiveSmart/halfing:this_node_read_success,1000000,64000000,0.100,0.200,1,8533417.333,2881200.746
AdaptiveSmart/halfing:this_node_write,1000000,64000000,0.100,0.200,1,2911077.000,199316.703
AdaptiveSmart/halfing:global_data_read_write,1000000,64000000,0.100,0.200,1,0.000,0.000
AdaptiveSmart/halfing:same_set_requests_true,1000000,64000000,0.100,0.200,1,15738987.333,3105.046
AdaptiveSmart/halfing:same_set_requests_false,1000000,64000000,0.100,0.200,1,259152.667,1382.906
AdaptiveSmart/halfing:union_requests,1000000,64000000,0.100,0.200,1,64001860.000,1854.589
AdaptiveSmart/squashing,1000000,64000000,0.100,0.200,1,2304741.642,581248.937
AdaptiveSmart/squashing:cross_node_read,1000000,64000000,0.100,0.200,1,20689743.333,4245512.719
AdaptiveSmart/squashing:this_node_read,1000000,64000000,0.100,0.200,1,344691453.167,2418771.718
AdaptiveSmart/squashing:cross_node_write,1000000,64000000,0.100,0.200,1,78266.667,459.862
AdaptiveSmart/squashing:this_node_read_success,1000000,64000000,0.100,0.200,1,7074015.000,5880829.289
AdaptiveSmart/squashing:this_node_write,1000000,64000000,0.100,0.200,1,2764195.167,58158.894
AdaptiveSmart/squashing:global_data_read_write,1000000,64000000,0.100,0.200,1,0.000,0.000
AdaptiveSmart/squashing:same_set_requests_true,1000000,64000000,0.100,0.200,1,15743020.833,1274.006
AdaptiveSmart/squashing:same_set_requests_false,1000000,64000000,0.100,0.200,1,255119.167,1949.954
AdaptiveSmart/squashing:union_requests,1000000,64000000,0.100,0.200,1,64001860.000,1854.589
AdaptiveSmart/halfing,1000000,4000000,0.300,0.200,1,1221895.431,127145.511
AdaptiveSmart/halfing:cross_node_read,1000000,4000000,0.300,0.200,1,3567917.000,109844.941
AdaptiveSmart/halfing:this_node_read,1000000,4000000,0.300,0.200,1,26444326.167,602235.054
AdaptiveSmart/halfing:cross_node_write,1000000,4000000,0.300,0.200,1,204231.500,1399.654
AdaptiveSmart/halfing:this_node_read_success,1000000,4000000,0.300,0.200,1,1896258.667,30581.867
AdaptiveSmart/halfing:this_node_write,1000000,4000000,0.300,0.200,1,2881829.333,374075.467
AdaptiveSmart/halfing:global_data_read_write,1000000,4000000,0.300,0.200,1,0.000,0.000
AdaptiveSmart/halfing:same_set_requests_true,1000000,4000000,0.300,0.200,1,735674.500,2431.544
AdaptiveSmart/halfing:same_set_requests_false,1000000,4000000,0.300,0.200,1,264123.000,2496.534
AdaptiveSmart/halfing:union_requests,1000000,4000000,0.300,0.200,1,4000106.500,66.274
AdaptiveSmart/squashing,1000000,4000000,0.300,0.200,1,1138974.734,184259.031
AdaptiveSmart/squashing:cross_node_read,1000000,4000000,0.300,0.200,1,3607173.333,87179.788
AdaptiveSmart/squashing:this_node_read,1000000,4000000,0.300,0.200,1,26929084.667,338133.962
AdaptiveSmart/squashing:cross_node_write,1000000,4000000,0.300,0.200,1,205242.167,1065.338
AdaptiveSmart/squashing:this_node_read_success,1000000,4000000,0.300,0.200,1,1946128.833,31758.802
AdaptiveSmart/squashing:this_node_write,1000000,4000000,0.300,0.200,1,2804971.500,184619.185
AdaptiveSmart/squashing:global_data_read_write,1000000,4000000,0.300,0.200,1,0.000,0.000
AdaptiveSmart/squashing:same_set_requests_true,1000000,4000000,0.300,0.200,1,739379.667,1045.045
AdaptiveSmart/squashing:same_set_requests_false,1000000,4000000,0.300,0.200,1,260417.833,1100.422
AdaptiveSmart/squashing:union_requests,1000000,4000000,0.300,0.200,1,4000106.500,66.274
AdaptiveSmart/halfing,1000000,16000000,0.300,0.200,1,1892511.243,276411.199
AdaptiveSmart/halfing:cross_node_read,1000000,16000000,0.300,0.200,1,6015875.667,228424.754
AdaptiveSmart/halfing:this_node_read,1000000,16000000,0.300,0.200,1,92022787.000,1316104.855
AdaptiveSmart/halfing:cross_node_write,1000000,16000000,0.300,0.200,1,203981.167,4031.067
AdaptiveSmart/halfing:this_node_read_success,1000000,16000000,0.300,0.200,1,6811265.833,849794.184
AdaptiveSmart/halfing:this_node_write,1000000,16000000,0.300,0.200,1,3218132.500,451856.105
AdaptiveSmart/halfing:global_data_read_write,1000000,16000000,0.300,0.200,1,0.000,0.000
AdaptiveSmart/halfing:same_set_requests_true,1000000,16000000,0.300,0.200,1,3733773.833,1816.416
AdaptiveSmart/halfing:same_set_requests_false,1000000,16000000,0.300,0.200,1,268228.667,2074.365
AdaptiveSmart/halfing:union_requests,1000000,16000000,0.300,0.200,1,15997997.500,264.550
AdaptiveSmart/squashing,1000000,16000000,0.300,0.200,1,1826452.036,371358.957
AdaptiveSmart/squashing:cross_node_read,1000000,16000000,0.300,0.200,1,6782288.833,1970415.048
AdaptiveSmart/squashing:this_node_read,1000000,16000000,0.300,0.200,1,93056562.167,860754.836
AdaptiveSmart/squashing:cross_node_write,1000000,16000000,0.300,0.200,1,202433.500,1288.848
AdaptiveSmart/squashing:this_node_read_success,1000000,16000000,0.300,0.200,1,6422072.000,1699143.999
AdaptiveSmart/squashing:this_node_write,1000000,16000000,0.300,0.200,1,3197530.667,507675.723
AdaptiveSmart/squashing:global_data_read_write,1000000,16000000,0.300,0.200,1,0.000,0.000
AdaptiveSmart/squashing:same_set_requests_true,1000000,16000000,0.300,0.200,1,3736228.500,2934.264
AdaptiveSmart/squashing:same_set_requests_false,1000000,16000000,0.300,0.200,1,265774.000,2940.471
AdaptiveSmart/squashing:union_requests,1000000,16000000,0.300,0.200,1,15997997.500,264.550
AdaptiveSmart/halfing,1000000,64000000,0.300,0.200,1,2309066.837,424540.659
AdaptiveSmart/halfing:cross_node_read,1000000,64000000,0.300,0.200,1,42214151.500,3917527.978
AdaptiveSmart/halfing:this_node_read,1000000,64000000,0.300,0.200,1,355384325.833,2732847.414
AdaptiveSmart/halfing:cross_node_write,1000000,64000000,0.300,0.200,1,207911.667,2763.104
AdaptiveSmart/halfing:this_node_read_success,1000000,64000000,0.300,0.200,1,3231146.833,452449.592
AdaptiveSmart/halfing:this_node_write,1000000,64000000,0.300,0.200,1,3033344.167,151080.342
AdaptiveSmart/halfing:global_data_read_write,1000000,64000000,0.300,0.200,1,0.000,0.000
AdaptiveSmart/halfing:same_set_requests_true,1000000,64000000,0.300,0.200,1,15737028.833,3705.701
AdaptiveSmart/halfing:same_set_requests_false,1000000,64000000,0.300,0.200,1,261049.167,1037.200
AdaptiveSmart/halfing:union_requests,1000000,64000000,0.300,0.200,1,64001922.000,4618.397
AdaptiveSmart/squashing,1000000,64000000,0.300,0.200,1,2211395.366,583247.238
AdaptiveSmart/squashing:cross_node_read,1000000,64000000,0.300,0.200,1,40405657.000,3001108.317
AdaptiveSmart/squashing:this_node_read,1000000,64000000,0.300,0.200,1,354606628.500,2579162.763
AdaptiveSmart/squashing:cross_node_write,1000000,64000000,0.300,0.200,1,204105.167,1050.222
AdaptiveSmart/squashing:this_node_read_success,1000000,64000000,0.300,0.200,1,3121463.667,152504.198
AdaptiveSmart/squashing:this_node_write,1000000,64000000,0.300,0.200,1,3107492.833,96610.915
AdaptiveSmart/squashing:global_data_read_write,1000000,64000000,0.300,0.200,1,0.000,0.000
AdaptiveSmart/squashing:same_set_requests_true,1000000,64000000,0.300,0.200,1,15737379.000,5376.204
AdaptiveSmart/squashing:same_set_requests_false,1000000,64000000,0.300,0.200,1,260699.000,836.788
AdaptiveSmart/squashing:union_requests,1000000,64000000,0.300,0.200,1,64001922.000,4618.397
AdaptiveSmart/halfing,1000000,4000000,0.020,0.350,1,1851433.630,253664.603
AdaptiveSmart/halfing:cross_node_read,1000000,4000000,0.020,0.350,1,693585.667,62878.155
AdaptiveSmart/halfing:this_node_read,1000000,4000000,0.020,0.350,1,27747677.667,503758.007
AdaptiveSmart/halfing:cross_node_write,1000000,4000000,0.020,0.350,1,18348.000,163.421
AdaptiveSmart/halfing:this_node_read_success,1000000,4000000,0.020,0.350,1,691395.833,55758.957
AdaptiveSmart/halfing:this_node_write,1000000,4000000,0.020,0.350,1,2352331.833,359185.268
AdaptiveSmart/halfing:global_data_read_write,1000000,4000000,0.020,0.350,1,0.000,0.000
AdaptiveSmart/halfing:same_set_requests_true,1000000,4000000,0.020,0.350,1,1613586.500,697.550
AdaptiveSmart/halfing:same_set_requests_false,1000000,4000000,0.020,0.350,1,539485.000,264.381
AdaptiveSmart/halfing:union_requests,1000000,4000000,0.020,0.350,1,4000725.500,934.962
AdaptiveSmart/squashing,1000000,4000000,0.020,0.350,1,1782965.966,351597.593
AdaptiveSmart/squashing:cross_node_read,1000000,4000000,0.020,0.350,1,788465.500,145384.539
AdaptiveSmart/squashing:this_node_read,1000000,4000000,0.020,0.350,1,28233241.500,466946.806
AdaptiveSmart/squashing:cross_node_write,1000000,4000000,0.020,0.350,1,17460.500,248.154
AdaptiveSmart/squashing:this_node_read_success,1000000,4000000,0.020,0.350,1,716849.167,99595.719
AdaptiveSmart/squashing:this_node_write,1000000,4000000,0.020,0.350,1,2294106.500,267666.686
AdaptiveSmart/squashing:global_data_read_write,1000000,4000000,0.020,0.350,1,0.000,0.000
AdaptiveSmart/squashing:same_set_requests_true,1000000,4000000,0.020,0.350,1,1613667.167,542.432
AdaptiveSmart/squashing:same_set_requests_false,1000000,4000000,0.020,0.350,1,539404.333,508.484
AdaptiveSmart/squashing:union_requests,1000000,4000000,0.020,0.350,1,4000725.500,934.962
AdaptiveSmart/halfing,1000000,16000000,0.020,0.350,1,2346845.717,316989.390
AdaptiveSmart/halfing:cross_node_read,1000000,16000000,0.020,0.350,1,2459068.167,929013.742
AdaptiveSmart/halfing:this_node_read,1000000,16000000,0.020,0.350,1,103199373.167,272626.595
AdaptiveSmart/halfing:cross_node_write,1000000,16000000,0.020,0.350,1,17470.167,380.625
AdaptiveSmart/halfing:this_node_read_success,1000000,16000000,0.020,0.350,1,969560.000,12752.931
AdaptiveSmart/halfing:this_node_write,1000000,16000000,0.020,0.350,1,2637627.167,324094.730
AdaptiveSmart/halfing:global_data_read_write,1000000,16000000,0.020,0.350,1,0.000,0.000
AdaptiveSmart/halfing:same_set_requests_true,1000000,16000000,0.020,0.350,1,8073967.833,1160.934
AdaptiveSmart/halfing:same_set_requests_false,1000000,16000000,0.020,0.350,1,541760.167,137.214
AdaptiveSmart/halfing:union_requests,1000000,16000000,0.020,0.350,1,15999588.000,1054.914
AdaptiveSmart/squashing,1000000,16000000,0.020,0.350,1,2322200.949,575801.338
AdaptiveSmart/squashing:cross_node_read,1000000,16000000,0.020,0.350,1,4339396.833,3171770.342
AdaptiveSmart/squashing:this_node_read,1000000,16000000,0.020,0.350,1,104889081.000,2030892.404
AdaptiveSmart/squashing:cross_node_write,1000000,16000000,0.020,0.350,1,17388.167,103.837
AdaptiveSmart/squashing:this_node_read_success,1000000,16000000,0.020,0.350,1,1023717.000,57538.725
AdaptiveSmart/squashing:this_node_write,1000000,16000000,0.020,0.350,1,2456552.333,285117.224
AdaptiveSmart/squashing:global_data_read_write,1000000,16000000,0.020,0.350,1,0.000,0.000
AdaptiveSmart/squashing:same_set_requests_true,1000000,16000000,0.020,0.350,1,8074017.167,610.352
AdaptiveSmart/squashing:same_set_requests_false,1000000,16000000,0.020,0.350,1,541710.833,457.388
AdaptiveSmart/squashing:union_requests,1000000,16000000,0.020,0.350,1,15999588.000,1054.914
AdaptiveSmart/halfing,1000000,64000000,0.020,0.350,1,2671293.902,587155.205
AdaptiveSmart/halfing:cross_node_read,1000000,64000000,0.020,0.350,1,8729959.167,4443781.420
AdaptiveSmart/halfing:this_node_read,1000000,64000000,0.020,0.350,1,403375670.333,3362050.865
AdaptiveSmart/halfing:cross_node_write,1000000,64000000,0.020,0.350,1,17205.333,86.424
AdaptiveSmart/halfing:this_node_read_success,1000000,64000000,0.020,0.350,1,1918787.000,313824.198
AdaptiveSmart/halfing:this_node_write,1000000,64000000,0.020,0.350,1,2888358.000,307175.498
AdaptiveSmart/halfing:global_data_read_write,1000000,64000000,0.020,0.350,1,0.000,0.000
AdaptiveSmart/halfing:same_set_requests_true,1000000,64000000,0.020,0.350,1,33921768.333,265.526
AdaptiveSmart/halfing:same_set_requests_false,1000000,64000000,0.020,0.350,1,542091.167,1434.762
AdaptiveSmart/halfing:union_requests,1000000,64000000,0.020,0.350,1,63997659.500,1218.683
AdaptiveSmart/squashing,1000000,64000000,0.020,0.350,1,2561185.949,684622.585
AdaptiveSmart/squashing:cross_node_read,1000000,64000000,0.020,0.350,1,7226010.500,4223193.649
AdaptiveSmart/squashing:this_node_read,1000000,64000000,0.020,0.350,1,403772279.000,1718919.749
AdaptiveSmart/squashing:cross_node_write,1000000,64000000,0.020,0.350,1,17392.333,185.194
AdaptiveSmart/squashing:this_node_read_success,1000000,64000000,0.020,0.350,1,2638123.833,981547.303
AdaptiveSmart/squashing:this_node_write,1000000,64000000,0.020,0.350,1,3064805.500,439253.633
AdaptiveSmart/squashing:global_data_read_write,1000000,64000000,0.020,0.350,1,0.000,0.000
AdaptiveSmart/squashing:same_set_requests_true,1000000,64000000,0.020,0.350,1,33922858.833,132.111
AdaptiveSmart/squashing:same_set_requests_false,1000000,64000000,0.020,0.350,1,541000.667,1229.628
AdaptiveSmart/squashing:union_requests,1000000,64000000,0.020,0.350,1,63997659.500,1218.683
AdaptiveSmart/halfing,1000000,4000000,0.100,0.350,1,1652093.066,216688.583
AdaptiveSmart/halfing:cross_node_read,1000000,4000000,0.100,0.350,1,2218611.667,127301.106
AdaptiveSmart/halfing:this_node_read,1000000,4000000,0.100,0.350,1,28675982.167,52796.496
AdaptiveSmart/halfing:cross_node_write,1000000,4000000,0.100,0.350,1,77688.000,394.415
AdaptiveSmart/halfing:this_node_read_success,1000000,4000000,0.100,0.350,1,1253704.333,12716.461
AdaptiveSmart/halfing:this_node_write,1000000,4000000,0.100,0.350,1,2247921.167,62187.947
AdaptiveSmart/halfing:global_data_read_write,1000000,4000000,0.100,0.350,1,0.000,0.000
AdaptiveSmart/halfing:same_set_requests_true,1000000,4000000,0.100,0.350,1,1606192.167,329.721
AdaptiveSmart/halfing:same_set_requests_false,1000000,4000000,0.100,0.350,1,548018.333,1725.608
AdaptiveSmart/halfing:union_requests,1000000,4000000,0.100,0.350,1,3999606.500,1570.321
AdaptiveSmart/squashing,1000000,4000000,0.100,0.350,1,1714109.952,323558.031
AdaptiveSmart/squashing:cross_node_read,1000000,4000000,0.100,0.350,1,2488194.500,264387.375
AdaptiveSmart/squashing:this_node_read,1000000,4000000,0.100,0.350,1,29227016.833,172592.511
AdaptiveSmart/squashing:cross_node_write,1000000,4000000,0.100,0.350,1,80149.667,264.270
AdaptiveSmart/squashing:this_node_read_success,1000000,4000000,0.100,0.350,1,1275221.167,14371.569
AdaptiveSmart/squashing:this_node_write,1000000,4000000,0.100,0.350,1,2216855.833,25759.179
AdaptiveSmart/squashing:global_data_read_write,1000000,4000000,0.100,0.350,1,0.000,0.000
AdaptiveSmart/squashing:same_set_requests_true,1000000,4000000,0.100,0.350,1,1609608.500,748.226
AdaptiveSmart/squashing:same_set_requests_false,1000000,4000000,0.100,0.350,1,544602.000,2290.280
AdaptiveSmart/squashing:union_requests,1000000,4000000,0.100,0.350,1,3999606.500,1570.321
AdaptiveSmart/halfing,1000000,16000000,0.100,0.350,1,2192789.474,431131.494
AdaptiveSmart/halfing:cross_node_read,1000000,16000000,0.100,0.350,1,5783657.667,278183.604
AdaptiveSmart/halfing:this_node_read,1000000,16000000,0.100,0.350,1,106051394.833,115696.518
AdaptiveSmart/halfing:cross_node_write,1000000,16000000,0.100,0.350,1,77738.667,212.017
AdaptiveSmart/halfing:this_node_read_success,1000000,16000000,0.100,0.350,1,1982927.667,4906.609
AdaptiveSmart/halfing:this_node_write,1000000,16000000,0.100,0.350,1,3203866.500,72468.042
AdaptiveSmart/halfing:global_data_read_write,1000000,16000000,0.100,0.350,1,0.000,0.000
AdaptiveSmart/halfing:same_set_requests_true,1000000,16000000,0.100,0.350,1,8062012.500,1106.059
AdaptiveSmart/halfing:same_set_requests_false,1000000,16000000,0.100,0.350,1,552360.000,864.576
AdaptiveSmart/halfing:union_requests,1000000,16000000,0.100,0.350,1,16000894.500,1855.136
AdaptiveSmart/squashing,1000000,16000000,0.100,0.350,1,2124216.285,483527.700
AdaptiveSmart/squashing:cross_node_read,1000000,16000000,0.100,0.350,1,7705141.833,1498060.179
AdaptiveSmart/squashing:this_node_read,1000000,16000000,0.100,0.350,1,108176469.500,623927.323
AdaptiveSmart/squashing:cross_node_write,1000000,16000000,0.100,0.350,1,81048.333,1113.161
AdaptiveSmart/squashing:this_node_read_success,1000000,16000000,0.100,0.350,1,2030275.667,18318.341
AdaptiveSmart/squashing:this_node_write,1000000,16000000,0.100,0.350,1,3139567.500,281712.388
AdaptiveSmart/squashing:global_data_read_write,1000000,16000000,0.100,0.350,1,0.000,0.000
AdaptiveSmart/squashing:same_set_requests_true,1000000,16000000,0.100,0.350,1,8066404.667,545.797
AdaptiveSmart/squashing:same_set_requests_false,1000000,16000000,0.100,0.350,1,547967.833,2383.738
AdaptiveSmart/squashing:union_requests,1000000,16000000,0.100,0.350,1,16000894.500,1855.136
AdaptiveSmart/halfing,1000000,64000000,0.100,0.350,1,2553880.842,559776.986
AdaptiveSmart/halfing:cross_node_read,1000000,64000000,0.100,0.350,1,15804309.167,6445278.510
AdaptiveSmart/halfing:this_node_read,1000000,64000000,0.100,0.350,1,411513999.667,276993.061
AdaptiveSmart/halfing:cross_node_write,1000000,64000000,0.100,0.350,1,77622.000,282.735
AdaptiveSmart/halfing:this_node_read_success,1000000,64000000,0.100,0.350,1,7247351.667,5383467.490
AdaptiveSmart/halfing:this_node_write,1000000,64000000,0.100,0.350,1,3195093.500,293022.782
AdaptiveSmart/halfing:global_data_read_write,1000000,64000000,0.100,0.350,1,0.000,0.000
AdaptiveSmart/halfing:same_set_requests_true,1000000,64000000,0.100,0.350,1,33907506.833,13632.404
AdaptiveSmart/halfing:same_set_requests_false,1000000,64000000,0.100,0.350,1,555438.667,7197.316
AdaptiveSmart/halfing:union_requests,1000000,64000000,0.100,0.350,1,63998504.500,6438.479
AdaptiveSmart/squashing,1000000,64000000,0.100,0.350,1,2510652.138,610915.146
AdaptiveSmart/squashing:cross_node_read,1000000,64000000,0.100,0.350,1,19770387.833,3369582.266
AdaptiveSmart/squashing:this_node_read,1000000,64000000,0.100,0.350,1,411748623.333,3513112.540
AdaptiveSmart/squashing:cross_node_write,1000000,64000000,0.100,0.350,1,79723.167,568.600
AdaptiveSmart/squashing:this_node_read_success,1000000,64000000,0.100,0.350,1,3344767.333,1113580.841
AdaptiveSmart/squashing:this_node_write,1000000,64000000,0.100,0.350,1,3066833.167,285731.715
AdaptiveSmart/squashing:global_data_read_write,1000000,64000000,0.100,0.350,1,0.000,0.000
AdaptiveSmart/squashing:same_set_requests_true,1000000,64000000,0.100,0.350,1,33909195.167,4770.250
AdaptiveSmart/squashing:same_set_requests_false,1000000,64000000,0.100,0.350,1,553750.333,2124.866
AdaptiveSmart/squashing:union_requests,1000000,64000000,0.100,0.350,1,63998504.500,6438.479
AdaptiveSmart/halfing,1000000,4000000,0.300,0.350,1,1428622.111,198654.312
AdaptiveSmart/halfing:cross_node_read,1000000,4000000,0.300,0.350,1,3819157.500,169005.463
AdaptiveSmart/halfing:this_node_read,1000000,4000000,0.300,0.350,1,30454820.000,180155.593
AdaptiveSmart/halfing:cross_node_write,1000000,4000000,0.300,0.350,1,201447.333,852.739
AdaptiveSmart/halfing:this_node_read_success,1000000,4000000,0.300,0.350,1,2453499.500,296534.215
AdaptiveSmart/halfing:this_node_write,1000000,4000000,0.300,0.350,1,2494819.000,36838.266
AdaptiveSmart/halfing:global_data_read_write,1000000,4000000,0.300,0.350,1,0.000,0.000
AdaptiveSmart/halfing:same_set_requests_true,1000000,4000000,0.300,0.350,1,1583778.667,7606.153
AdaptiveSmart/halfing:same_set_requests_false,1000000,4000000,0.300,0.350,1,568495.333,7826.067
AdaptiveSmart/halfing:union_requests,1000000,4000000,0.300,0.350,1,4001464.000,222.375
AdaptiveSmart/squashing,1000000,4000000,0.300,0.350,1,1417042.434,215892.643
AdaptiveSmart/squashing:cross_node_read,1000000,4000000,0.300,0.350,1,4107305.000,620029.329
AdaptiveSmart/squashing:this_node_read,1000000,4000000,0.300,0.350,1,31317204.333,479843.833
AdaptiveSmart/squashing:cross_node_write,1000000,4000000,0.300,0.350,1,204343.167,3086.554
AdaptiveSmart/squashing:this_node_read_success,1000000,4000000,0.300,0.350,1,2420154.833,222133.519
AdaptiveSmart/squashing:this_node_write,1000000,4000000,0.300,0.350,1,2592605.333,90788.114
AdaptiveSmart/squashing:global_data_read_write,1000000,4000000,0.300,0.350,1,0.000,0.000
AdaptiveSmart/squashing:same_set_requests_true,1000000,4000000,0.300,0.350,1,1592536.833,4975.188
AdaptiveSmart/squashing:same_set_requests_false,1000000,4000000,0.300,0.350,1,559737.167,5194.678
AdaptiveSmart/squashing:union_requests,1000000,4000000,0.300,0.350,1,4001464.000,222.375
AdaptiveSmart/halfing,1000000,16000000,0.300,0.350,1,1957460.079,359955.012
AdaptiveSmart/halfing:cross_node_read,1000000,16000000,0.300,0.350,1,8212539.167,1916044.907
AdaptiveSmart/halfing:this_node_read,1000000,16000000,0.300,0.350,1,110258631.000,522318.589
AdaptiveSmart/halfing:cross_node_write,1000000,16000000,0.300,0.350,1,200814.667,179.144
AdaptiveSmart/halfing:this_node_read_success,1000000,16000000,0.300,0.350,1,4747673.000,2100718.375
AdaptiveSmart/halfing:this_node_write,1000000,16000000,0.300,0.350,1,3993195.167,589470.560
AdaptiveSmart/halfing:global_data_read_write,1000000,16000000,0.300,0.350,1,0.000,0.000
AdaptiveSmart/halfing:same_set_requests_true,1000000,16000000,0.300,0.350,1,8025251.167,5065.940
AdaptiveSmart/halfing:same_set_requests_false,1000000,16000000,0.300,0.350,1,589578.333,6274.503
AdaptiveSmart/halfing:union_requests,1000000,16000000,0.300,0.350,1,16000506.500,1236.210
AdaptiveSmart/squashing,1000000,16000000,0.300,0.350,1,1953751.797,369651.113
AdaptiveSmart/squashing:cross_node_read,1000000,16000000,0.300,0.350,1,9194174.833,3599242.465
AdaptiveSmart/squashing:this_node_read,1000000,16000000,0.300,0.350,1,111199724.667,2230290.547
AdaptiveSmart/squashing:cross_node_write,1000000,16000000,0.300,0.350,1,206277.000,563.628
AdaptiveSmart/squashing:this_node_read_success,1000000,16000000,0.300,0.350,1,4344365.333,1512446.615
AdaptiveSmart/squashing:this_node_write,1000000,16000000,0.300,0.350,1,3746600.000,511312.179
AdaptiveSmart/squashing:global_data_read_write,1000000,16000000,0.300,0.350,1,0.000,0.000
AdaptiveSmart/squashing:same_set_requests_true,1000000,16000000,0.300,0.350,1,8047666.000,2948.467
AdaptiveSmart/squashing:same_set_requests_false,1000000,16000000,0.300,0.350,1,567163.500,4154.395
AdaptiveSmart/squashing:union_requests,1000000,16000000,0.300,0.350,1,16000506.500,1236.210
AdaptiveSmart/halfing,1000000,64000000,0.300,0.350,1,2383386.260,501580.905
AdaptiveSmart/halfing:cross_node_read,1000000,64000000,0.300,0.350,1,21975736.667,8486686.265
AdaptiveSmart/halfing:this_node_read,1000000,64000000,0.300,0.350,1,424214812.833,474531.062
AdaptiveSmart/halfing:cross_node_write,1000000,64000000,0.300,0.350,1,200129.500,275.344
AdaptiveSmart/halfing:this_node_read_success,1000000,64000000,0.300,0.350,1,20685693.500,6938190.252
AdaptiveSmart/halfing:this_node_write,1000000,64000000,0.300,0.350,1,3037277.667,343073.734
AdaptiveSmart/halfing:global_data_read_write,1000000,64000000,0.300,0.350,1,0.000,0.000
AdaptiveSmart/halfing:same_set_requests_true,1000000,64000000,0.300,0.350,1,33892990.667,6574.811
AdaptiveSmart/halfing:same_set_requests_false,1000000,64000000,0.300,0.350,1,569494.333,5460.638
AdaptiveSmart/halfing:union_requests,1000000,64000000,0.300,0.350,1,63998984.000,1545.673
AdaptiveSmart/squashing,1000000,64000000,0.300,0.350,1,2330337.133,647202.469
AdaptiveSmart/squashing:cross_node_read,1000000,64000000,0.300,0.350,1,21704923.500,368808.919
AdaptiveSmart/squashing:this_node_read,1000000,64000000,0.300,0.350,1,433319208.667,1059437.434
AdaptiveSmart/squashing:cross_node_write,1000000,64000000,0.300,0.350,1,207208.167,722.481
AdaptiveSmart/squashing:this_node_read_success,1000000,64000000,0.300,0.350,1,31297102.167,1009639.741
AdaptiveSmart/squashing:this_node_write,1000000,64000000,0.300,0.350,1,3122978.000,187671.478
AdaptiveSmart/squashing:global_data_read_write,1000000,64000000,0.300,0.350,1,0.000,0.000
AdaptiveSmart/squashing:same_set_requests_true,1000000,64000000,0.300,0.350,1,33903131.833,3405.018
AdaptiveSmart/squashing:same_set_requests_false,1000000,64000000,0.300,0.350,1,559353.167,1904.193
AdaptiveSmart/squashing:union_requests,1000000,64000000,0.300,0.350,1,63998984.000,1545.673
AdaptiveSmart/halfing,1000000,4000000,0.020,0.500,1,1855463.745,325215.757
AdaptiveSmart/halfing:cross_node_read,1000000,4000000,0.020,0.500,1,772861.500,14769.539
AdaptiveSmart/halfing:this_node_read,1000000,4000000,0.020,0.500,1,35786139.333,276138.040
AdaptiveSmart/halfing:cross_node_write,1000000,4000000,0.020,0.500,1,17408.500,179.525
AdaptiveSmart/halfing:this_node_read_success,1000000,4000000,0.020,0.500,1,1182050.667,36192.192
AdaptiveSmart/halfing:this_node_write,1000000,4000000,0.020,0.500,1,2489391.667,207865.377
AdaptiveSmart/halfing:global_data_read_write,1000000,4000000,0.020,0.500,1,0.000,0.000
AdaptiveSmart/halfing:same_set_requests_true,1000000,4000000,0.020,0.500,1,2996699.667,2431.066
AdaptiveSmart/halfing:same_set_requests_false,1000000,4000000,0.020,0.500,1,1002748.333,1687.091
AdaptiveSmart/halfing:union_requests,1000000,4000000,0.020,0.500,1,4000552.000,744.903
AdaptiveSmart/squashing,1000000,4000000,0.020,0.500,1,1960890.786,348977.003
AdaptiveSmart/squashing:cross_node_read,1000000,4000000,0.020,0.500,1,792824.667,20663.083
AdaptiveSmart/squashing:this_node_read,1000000,4000000,0.020,0.500,1,36237588.833,502870.129
AdaptiveSmart/squashing:cross_node_write,1000000,4000000,0.020,0.500,1,17641.833,670.556
AdaptiveSmart/squashing:this_node_read_success,1000000,4000000,0.020,0.500,1,1225344.667,21332.432
AdaptiveSmart/squashing:this_node_write,1000000,4000000,0.020,0.500,1,2426085.833,247823.270
AdaptiveSmart/squashing:global_data_read_write,1000000,4000000,0.020,0.500,1,0.000,0.000
AdaptiveSmart/squashing:same_set_requests_true,1000000,4000000,0.020,0.500,1,2997944.167,2587.724
AdaptiveSmart/squashing:same_set_requests_false,1000000,4000000,0.020,0.500,1,1001503.833,1845.370
AdaptiveSmart/squashing:union_requests,1000000,4000000,0.020,0.500,1,4000552.000,744.903
AdaptiveSmart/halfing,1000000,16000000,0.020,0.500,1,2430537.788,517067.414
AdaptiveSmart/halfing:cross_node_read,1000000,16000000,0.020,0.500,1,2206277.167,307658.338
AdaptiveSmart/halfing:this_node_read,1000000,16000000,0.020,0.500,1,132827946.333,473885.826
AdaptiveSmart/halfing:cross_node_write,1000000,16000000,0.020,0.500,1,17236.000,120.873
AdaptiveSmart/halfing:this_node_read_success,1000000,16000000,0.020,0.500,1,2261777.667,404526.233
AdaptiveSmart/halfing:this_node_write,1000000,16000000,0.020,0.500,1,2357208.667,110857.845
AdaptiveSmart/halfing:global_data_read_write,1000000,16000000,0.020,0.500,1,0.000,0.000
AdaptiveSmart/halfing:same_set_requests_true,1000000,16000000,0.020,0.500,1,14996894.500,222.224
AdaptiveSmart/halfing:same_set_requests_false,1000000,16000000,0.020,0.500,1,1001186.000,791.510
AdaptiveSmart/halfing:union_requests,1000000,16000000,0.020,0.500,1,16001919.500,575.656
AdaptiveSmart/squashing,1000000,16000000,0.020,0.500,1,2553996.861,552137.028
AdaptiveSmart/squashing:cross_node_read,1000000,16000000,0.020,0.500,1,3324915.833,536636.061
AdaptiveSmart/squashing:this_node_read,1000000,16000000,0.020,0.500,1,133549673.500,606439.060
AdaptiveSmart/squashing:cross_node_write,1000000,16000000,0.020,0.500,1,17750.000,76.895
AdaptiveSmart/squashing:this_node_read_success,1000000,16000000,0.020,0.500,1,1787937.500,829612.527
AdaptiveSmart/squashing:this_node_write,1000000,16000000,0.020,0.500,1,2353669.667,86898.721
AdaptiveSmart/squashing:global_data_read_write,1000000,16000000,0.020,0.500,1,0.000,0.000
AdaptiveSmart/squashing:same_set_requests_true,1000000,16000000,0.020,0.500,1,14995595.667,1286.687
AdaptiveSmart/squashing:same_set_requests_false,1000000,16000000,0.020,0.500,1,1002484.833,1285.256
AdaptiveSmart/squashing:union_requests,1000000,16000000,0.020,0.500,1,16001919.500,575.656
AdaptiveSmart/halfing,1000000,64000000,0.020,0.500,1,2566242.335,628038.393
AdaptiveSmart/halfing:cross_node_read,1000000,64000000,0.020,0.500,1,9640739.500,9974651.721
AdaptiveSmart/halfing:this_node_read,1000000,64000000,0.020,0.500,1,522521701.667,5906843.186
AdaptiveSmart/halfing:cross_node_write,1000000,64000000,0.020,0.500,1,17346.000,118.954
AdaptiveSmart/halfing:this_node_read_success,1000000,64000000,0.020,0.500,1,3919357.500,710878.176
AdaptiveSmart/halfing:this_node_write,1000000,64000000,0.020,0.500,1,2959871.333,367263.154
AdaptiveSmart/halfing:global_data_read_write,1000000,64000000,0.020,0.500,1,0.000,0.000
AdaptiveSmart/halfing:same_set_requests_true,1000000,64000000,0.020,0.500,1,62991367.500,10086.163
AdaptiveSmart/halfing:same_set_requests_false,1000000,64000000,0.020,0.500,1,1009124.000,9697.753
AdaptiveSmart/halfing:union_requests,1000000,64000000,0.020,0.500,1,63999508.500,747.641
AdaptiveSmart/squashing,1000000,64000000,0.020,0.500,1,2638774.198,482268.726
AdaptiveSmart/squashing:cross_node_read,1000000,64000000,0.020,0.500,1,11969566.167,10923089.830
AdaptiveSmart/squashing:this_node_read,1000000,64000000,0.020,0.500,1,526906546.833,6752992.504
AdaptiveSmart/squashing:cross_node_write,1000000,64000000,0.020,0.500,1,17723.333,658.457
AdaptiveSmart/squashing:this_node_read_success,1000000,64000000,0.020,0.500,1,6348586.333,1738802.259
AdaptiveSmart/squashing:this_node_write,1000000,64000000,0.020,0.500,1,3004365.167,430055.258
AdaptiveSmart/squashing:global_data_read_write,1000000,64000000,0.020,0.500,1,0.000,0.000
AdaptiveSmart/squashing:same_set_requests_true,1000000,64000000,0.020,0.500,1,62991920.833,10462.097
AdaptiveSmart/squashing:same_set_requests_false,1000000,64000000,0.020,0.500,1,1008570.667,10075.417
AdaptiveSmart/squashing:union_requests,1000000,64000000,0.020,0.500,1,63999508.500,747.641
AdaptiveSmart/halfing,1000000,4000000,0.100,0.500,1,1523420.568,201727.365
AdaptiveSmart/halfing:cross_node_read,1000000,4000000,0.100,0.500,1,2279765.333,117090.797
AdaptiveSmart/halfing:this_node_read,1000000,4000000,0.100,0.500,1,37825564.167,620445.591
AdaptiveSmart/halfing:cross_node_write,1000000,4000000,0.100,0.500,1,77601.833,241.341
AdaptiveSmart/halfing:this_node_read_success,1000000,4000000,0.100,0.500,1,1778837.000,65733.454
AdaptiveSmart/halfing:this_node_write,1000000,4000000,0.100,0.500,1,3276080.000,407909.669
AdaptiveSmart/halfing:global_data_read_write,1000000,4000000,0.100,0.500,1,0.000,0.000
AdaptiveSmart/halfing:same_set_requests_true,1000000,4000000,0.100,0.500,1,2973262.667,4999.589
AdaptiveSmart/halfing:same_set_requests_false,1000000,4000000,0.100,0.500,1,1025385.333,6510.368
AdaptiveSmart/halfing:union_requests,1000000,4000000,0.100,0.500,1,4001352.000,1512.810
AdaptiveSmart/squashing,1000000,4000000,0.100,0.500,1,1583005.415,203369.242
AdaptiveSmart/squashing:cross_node_read,1000000,4000000,0.100,0.500,1,2438053.833,119357.000
AdaptiveSmart/squashing:this_node_read,1000000,4000000,0.100,0.500,1,38055109.667,353003.482
AdaptiveSmart/squashing:cross_node_write,1000000,4000000,0.100,0.500,1,77961.000,59.255
AdaptiveSmart/squashing:this_node_read_success,1000000,4000000,0.100,0.500,1,1720809.667,20341.186
AdaptiveSmart/squashing:this_node_write,1000000,4000000,0.100,0.500,1,2946085.500,164153.678
AdaptiveSmart/squashing:global_data_read_write,1000000,4000000,0.100,0.500,1,0.000,0.000
AdaptiveSmart/squashing:same_set_requests_true,1000000,4000000,0.100,0.500,1,2980137.000,1928.900
AdaptiveSmart/squashing:same_set_requests_false,1000000,4000000,0.100,0.500,1,1018511.000,3233.413
AdaptiveSmart/squashing:union_requests,1000000,4000000,0.100,0.500,1,4001352.000,1512.810
AdaptiveSmart/halfing,1000000,16000000,0.100,0.500,1,2241364.534,442476.177
AdaptiveSmart/halfing:cross_node_read,1000000,16000000,0.100,0.500,1,5510482.667,291689.698
AdaptiveSmart/halfing:this_node_read,1000000,16000000,0.100,0.500,1,136590317.167,972290.358
AdaptiveSmart/halfing:cross_node_write,1000000,16000000,0.100,0.500,1,81565.167,3300.728
AdaptiveSmart/halfing:this_node_read_success,1000000,16000000,0.100,0.500,1,4544522.333,446507.603
AdaptiveSmart/halfing:this_node_write,1000000,16000000,0.100,0.500,1,3272517.333,309195.459
AdaptiveSmart/halfing:global_data_read_write,1000000,16000000,0.100,0.500,1,0.000,0.000
AdaptiveSmart/halfing:same_set_requests_true,1000000,16000000,0.100,0.500,1,14961323.333,21751.794
AdaptiveSmart/halfing:same_set_requests_false,1000000,16000000,0.100,0.500,1,1040688.667,21655.498
AdaptiveSmart/halfing:union_requests,1000000,16000000,0.100,0.500,1,15997988.000,96.399
AdaptiveSmart/squashing,1000000,16000000,0.100,0.500,1,2251562.270,398416.238
AdaptiveSmart/squashing:cross_node_read,1000000,16000000,0.100,0.500,1,5125170.500,147643.606
AdaptiveSmart/squashing:this_node_read,1000000,16000000,0.100,0.500,1,137318676.667,666501.254
AdaptiveSmart/squashing:cross_node_write,1000000,16000000,0.100,0.500,1,77981.333,588.740
AdaptiveSmart/squashing:this_node_read_success,1000000,16000000,0.100,0.500,1,4156600.000,234052.887
AdaptiveSmart/squashing:this_node_write,1000000,16000000,0.100,0.500,1,3563909.000,240080.745
AdaptiveSmart/squashing:global_data_read_write,1000000,16000000,0.100,0.500,1,0.000,0.000
AdaptiveSmart/squashing:same_set_requests_true,1000000,16000000,0.100,0.500,1,14972017.167,13079.061
AdaptiveSmart/squashing:same_set_requests_false,1000000,16000000,0.100,0.500,1,1029994.833,12989.409
AdaptiveSmart/squashing:union_requests,1000000,16000000,0.100,0.500,1,15997988.000,96.399
AdaptiveSmart/halfing,1000000,64000000,0.100,0.500,1,2469369.030,483622.884
AdaptiveSmart/halfing:cross_node_read,1000000,64000000,0.100,0.500,1,17732230.167,5180729.133
AdaptiveSmart/halfing:this_node_read,1000000,64000000,0.100,0.500,1,529329608.000,956064.405
AdaptiveSmart/halfing:cross_node_write,1000000,64000000,0.100,0.500,1,78387.833,433.867
AdaptiveSmart/halfing:this_node_read_success,1000000,64000000,0.100,0.500,1,8740263.000,4564969.827
AdaptiveSmart/halfing:this_node_write,1000000,64000000,0.100,0.500,1,3027956.167,246098.733
AdaptiveSmart/halfing:global_data_read_write,1000000,64000000,0.100,0.500,1,0.000,0.000
AdaptiveSmart/halfing:same_set_requests_true,1000000,64000000,0.100,0.500,1,62983005.000,5475.460
AdaptiveSmart/halfing:same_set_requests_false,1000000,64000000,0.100,0.500,1,1023440.500,7272.540
AdaptiveSmart/halfing:union_requests,1000000,64000000,0.100,0.500,1,63993554.500,8830.931
AdaptiveSmart/squashing,1000000,64000000,0.100,0.500,1,2559885.199,559662.192
AdaptiveSmart/squashing:cross_node_read,1000000,64000000,0.100,0.500,1,19140463.500,1180209.188
AdaptiveSmart/squashing:this_node_read,1000000,64000000,0.100,0.500,1,532949414.000,8074218.197
AdaptiveSmart/squashing:cross_node_write,1000000,64000000,0.100,0.500,1,79098.500,816.906
AdaptiveSmart/squashing:this_node_read_success,1000000,64000000,0.100,0.500,1,11093003.333,9180527.785
AdaptiveSmart/squashing:this_node_write,1000000,64000000,0.100,0.500,1,3196337.000,423694.885
AdaptiveSmart/squashing:global_data_read_write,1000000,64000000,0.100,0.500,1,0.000,0.000
AdaptiveSmart/squashing:same_set_requests_true,1000000,64000000,0.100,0.500,1,62988749.500,3887.536
AdaptiveSmart/squashing:same_set_requests_false,1000000,64000000,0.100,0.500,1,1017696.000,4977.171
AdaptiveSmart/squashing:union_requests,1000000,64000000,0.100,0.500,1,63993554.500,8830.931
AdaptiveSmart/halfing,1000000,4000000,0.300,0.500,1,1550069.253,200423.671
AdaptiveSmart/halfing:cross_node_read,1000000,4000000,0.300,0.500,1,4785863.333,148408.638
AdaptiveSmart/halfing:this_node_read,1000000,4000000,0.300,0.500,1,37880274.333,92847.545
AdaptiveSmart/halfing:cross_node_write,1000000,4000000,0.300,0.500,1,204356.833,657.076
AdaptiveSmart/halfing:this_node_read_success,1000000,4000000,0.300,0.500,1,2797546.333,114192.960
AdaptiveSmart/halfing:this_node_write,1000000,4000000,0.300,0.500,1,2423669.500,50260.054
AdaptiveSmart/halfing:global_data_read_write,1000000,4000000,0.300,0.500,1,0.000,0.000
AdaptiveSmart/halfing:same_set_requests_true,1000000,4000000,0.300,0.500,1,2952950.167,587.616
AdaptiveSmart/halfing:same_set_requests_false,1000000,4000000,0.300,0.500,1,1047498.333,379.085
AdaptiveSmart/halfing:union_requests,1000000,4000000,0.300,0.500,1,3999551.500,790.364
AdaptiveSmart/squashing,1000000,4000000,0.300,0.500,1,1565646.952,202319.694
AdaptiveSmart/squashing:cross_node_read,1000000,4000000,0.300,0.500,1,4832090.000,101130.013
AdaptiveSmart/squashing:this_node_read,1000000,4000000,0.300,0.500,1,38786274.000,385869.071
AdaptiveSmart/squashing:cross_node_write,1000000,4000000,0.300,0.500,1,201347.167,458.340
AdaptiveSmart/squashing:this_node_read_success,1000000,4000000,0.300,0.500,1,3151917.000,238112.541
AdaptiveSmart/squashing:this_node_write,1000000,4000000,0.300,0.500,1,2492723.667,120793.205
AdaptiveSmart/squashing:global_data_read_write,1000000,4000000,0.300,0.500,1,0.000,0.000
AdaptiveSmart/squashing:same_set_requests_true,1000000,4000000,0.300,0.500,1,2967401.000,2002.638
AdaptiveSmart/squashing:same_set_requests_false,1000000,4000000,0.300,0.500,1,1033047.500,1604.385
AdaptiveSmart/squashing:union_requests,1000000,4000000,0.300,0.500,1,3999551.500,790.364
AdaptiveSmart/halfing,1000000,16000000,0.300,0.500,1,2147667.512,394988.986
AdaptiveSmart/halfing:cross_node_read,1000000,16000000,0.300,0.500,1,10112163.500,2204189.431
AdaptiveSmart/halfing:this_node_read,1000000,16000000,0.300,0.500,1,138539857.667,64033.928
AdaptiveSmart/halfing:cross_node_write,1000000,16000000,0.300,0.500,1,205232.833,820.400
AdaptiveSmart/halfing:this_node_read_success,1000000,16000000,0.300,0.500,1,5686264.000,1062600.213
AdaptiveSmart/halfing:this_node_write,1000000,16000000,0.300,0.500,1,2943286.833,316250.788
AdaptiveSmart/halfing:global_data_read_write,1000000,16000000,0.300,0.500,1,0.000,0.000
AdaptiveSmart/halfing:same_set_requests_true,1000000,16000000,0.300,0.500,1,14941530.500,4184.584
AdaptiveSmart/halfing:same_set_requests_false,1000000,16000000,0.300,0.500,1,1058505.500,4581.698
AdaptiveSmart/halfing:union_requests,1000000,16000000,0.300,0.500,1,15999964.000,402.028
AdaptiveSmart/squashing,1000000,16000000,0.300,0.500,1,2146025.616,400240.258
AdaptiveSmart/squashing:cross_node_read,1000000,16000000,0.300,0.500,1,10203986.333,2849112.340
AdaptiveSmart/squashing:this_node_read,1000000,16000000,0.300,0.500,1,139950499.833,140269.053
AdaptiveSmart/squashing:cross_node_write,1000000,16000000,0.300,0.500,1,201143.833,603.342
AdaptiveSmart/squashing:this_node_read_success,1000000,16000000,0.300,0.500,1,5891001.333,385618.200
AdaptiveSmart/squashing:this_node_write,1000000,16000000,0.300,0.500,1,3295297.833,760217.074
AdaptiveSmart/squashing:global_data_read_write,1000000,16000000,0.300,0.500,1,0.000,0.000
AdaptiveSmart/squashing:same_set_requests_true,1000000,16000000,0.300,0.500,1,14942622.167,9879.428
AdaptiveSmart/squashing:same_set_requests_false,1000000,16000000,0.300,0.500,1,1057413.833,10280.479
AdaptiveSmart/squashing:union_requests,1000000,16000000,0.300,0.500,1,15999964.000,402.028
AdaptiveSmart/halfing,1000000,64000000,0.300,0.500,1,2436522.443,546098.720
AdaptiveSmart/halfing:cross_node_read,1000000,64000000,0.300,0.500,1,35698617.500,10016445.316
AdaptiveSmart/halfing:this_node_read,1000000,64000000,0.300,0.500,1,540745483.333,2506824.353
AdaptiveSmart/halfing:cross_node_write,1000000,64000000,0.300,0.500,1,207082.000,1213.948
AdaptiveSmart/halfing:this_node_read_success,1000000,64000000,0.300,0.500,1,14293006.000,4228309.285
AdaptiveSmart/halfing:this_node_write,1000000,64000000,0.300,0.500,1,2677369.333,54915.051
AdaptiveSmart/halfing:global_data_read_write,1000000,64000000,0.300,0.500,1,0.000,0.000
AdaptiveSmart/halfing:same_set_requests_true,1000000,64000000,0.300,0.500,1,62943301.333,13713.342
AdaptiveSmart/halfing:same_set_requests_false,1000000,64000000,0.300,0.500,1,1061214.167,9222.948
AdaptiveSmart/halfing:union_requests,1000000,64000000,0.300,0.500,1,63995484.500,8324.835
AdaptiveSmart/squashing,1000000,64000000,0.300,0.500,1,2440928.251,498739.809
AdaptiveSmart/squashing:cross_node_read,1000000,64000000,0.300,0.500,1,36749143.167,8638064.072
AdaptiveSmart/squashing:this_node_read,1000000,64000000,0.300,0.500,1,544663486.000,766161.028
AdaptiveSmart/squashing:cross_node_write,1000000,64000000,0.300,0.500,1,201707.667,537.696
AdaptiveSmart/squashing:this_node_read_success,1000000,64000000,0.300,0.500,1,17560146.833,6836373.291
AdaptiveSmart/squashing:this_node_write,1000000,64000000,0.300,0.500,1,2706680.667,61591.378
AdaptiveSmart/squashing:global_data_read_write,1000000,64000000,0.300,0.500,1,0.000,0.000
AdaptiveSmart/squashing:same_set_requests_true,1000000,64000000,0.300,0.500,1,62962139.333,12203.523
AdaptiveSmart/squashing:same_set_requests_false,1000000,64000000,0.300,0.500,1,1042376.167,4676.530
AdaptiveSmart/squashing:union_requests,1000000,64000000,0.300,0.500,1,63995484.500,8324.835
AdaptiveSmart/halfing,1000000,4000000,0.020,0.650,1,2056649.314,343697.727
AdaptiveSmart/halfing:cross_node_read,1000000,4000000,0.020,0.650,1,1804593.000,639887.395
AdaptiveSmart/halfing:this_node_read,1000000,4000000,0.020,0.650,1,50108245.333,172521.535
AdaptiveSmart/halfing:cross_node_write,1000000,4000000,0.020,0.650,1,18138.333,226.579
AdaptiveSmart/halfing:this_node_read_success,1000000,4000000,0.020,0.650,1,1912647.333,68003.837
AdaptiveSmart/halfing:this_node_write,1000000,4000000,0.020,0.650,1,2177121.333,52109.883
AdaptiveSmart/halfing:global_data_read_write,1000000,4000000,0.020,0.650,1,0.000,0.000
AdaptiveSmart/halfing:same_set_requests_true,1000000,4000000,0.020,0.650,1,5567414.833,3097.262
AdaptiveSmart/halfing:same_set_requests_false,1000000,4000000,0.020,0.650,1,1861250.667,5247.961
AdaptiveSmart/halfing:union_requests,1000000,4000000,0.020,0.650,1,3999905.500,2152.002
AdaptiveSmart/squashing,1000000,4000000,0.020,0.650,1,1948980.553,334863.131
AdaptiveSmart/squashing:cross_node_read,1000000,4000000,0.020,0.650,1,1539570.000,109319.831
AdaptiveSmart/squashing:this_node_read,1000000,4000000,0.020,0.650,1,50908001.500,174520.199
AdaptiveSmart/squashing:cross_node_write,1000000,4000000,0.020,0.650,1,17321.333,295.195
AdaptiveSmart/squashing:this_node_read_success,1000000,4000000,0.020,0.650,1,1847538.000,3751.297
AdaptiveSmart/squashing:this_node_write,1000000,4000000,0.020,0.650,1,2483641.667,113044.557
AdaptiveSmart/squashing:global_data_read_write,1000000,4000000,0.020,0.650,1,0.000,0.000
AdaptiveSmart/squashing:same_set_requests_true,1000000,4000000,0.020,0.650,1,5569108.667,931.474
AdaptiveSmart/squashing:same_set_requests_false,1000000,4000000,0.020,0.650,1,1859556.833,3079.920
AdaptiveSmart/squashing:union_requests,1000000,4000000,0.020,0.650,1,3999905.500,2152.002
AdaptiveSmart/halfing,1000000,16000000,0.020,0.650,1,2444000.078,535911.840
AdaptiveSmart/halfing:cross_node_read,1000000,16000000,0.020,0.650,1,6289096.000,659194.237
AdaptiveSmart/halfing:this_node_read,1000000,16000000,0.020,0.650,1,189334705.333,374635.468
AdaptiveSmart/halfing:cross_node_write,1000000,16000000,0.020,0.650,1,17898.000,161.308
AdaptiveSmart/halfing:this_node_read_success,1000000,16000000,0.020,0.650,1,2172305.833,4422.533
AdaptiveSmart/halfing:this_node_write,1000000,16000000,0.020,0.650,1,2409983.833,34519.754
AdaptiveSmart/halfing:global_data_read_write,1000000,16000000,0.020,0.650,1,0.000,0.000
AdaptiveSmart/halfing:same_set_requests_true,1000000,16000000,0.020,0.650,1,27838363.167,5613.174
AdaptiveSmart/halfing:same_set_requests_false,1000000,16000000,0.020,0.650,1,1871583.333,2967.278
AdaptiveSmart/halfing:union_requests,1000000,16000000,0.020,0.650,1,16004339.500,2708.488
AdaptiveSmart/squashing,1000000,16000000,0.020,0.650,1,2389618.708,568489.372
AdaptiveSmart/squashing:cross_node_read,1000000,16000000,0.020,0.650,1,6995247.667,4295626.321
AdaptiveSmart/squashing:this_node_read,1000000,16000000,0.020,0.650,1,190384505.333,1702567.686
AdaptiveSmart/squashing:cross_node_write,1000000,16000000,0.020,0.650,1,17364.333,380.685
AdaptiveSmart/squashing:this_node_read_success,1000000,16000000,0.020,0.650,1,2681118.000,396003.056
AdaptiveSmart/squashing:this_node_write,1000000,16000000,0.020,0.650,1,2344606.167,105397.334
AdaptiveSmart/squashing:global_data_read_write,1000000,16000000,0.020,0.650,1,0.000,0.000
AdaptiveSmart/squashing:same_set_requests_true,1000000,16000000,0.020,0.650,1,27838754.167,5830.810
AdaptiveSmart/squashing:same_set_requests_false,1000000,16000000,0.020,0.650,1,1871192.333,8521.463
AdaptiveSmart/squashing:union_requests,1000000,16000000,0.020,0.650,1,16004339.500,2708.488
AdaptiveSmart/halfing,1000000,64000000,0.020,0.650,1,2581787.617,606661.746
AdaptiveSmart/halfing:cross_node_read,1000000,64000000,0.020,0.650,1,7168443.500,581125.620
AdaptiveSmart/halfing:this_node_read,1000000,64000000,0.020,0.650,1,739616221.833,1553473.887
AdaptiveSmart/halfing:cross_node_write,1000000,64000000,0.020,0.650,1,18374.000,238.055
AdaptiveSmart/halfing:this_node_read_success,1000000,64000000,0.020,0.650,1,4534249.667,1815766.354
AdaptiveSmart/halfing:this_node_write,1000000,64000000,0.020,0.650,1,3382562.667,175221.965
AdaptiveSmart/halfing:global_data_read_write,1000000,64000000,0.020,0.650,1,0.000,0.000
AdaptiveSmart/halfing:same_set_requests_true,1000000,64000000,0.020,0.650,1,116989140.333,3989.246
AdaptiveSmart/halfing:same_set_requests_false,1000000,64000000,0.020,0.650,1,1874904.667,3663.356
AdaptiveSmart/halfing:union_requests,1000000,64000000,0.020,0.650,1,63993098.000,326.443
AdaptiveSmart/squashing,1000000,64000000,0.020,0.650,1,2564353.001,667279.552
AdaptiveSmart/squashing:cross_node_read,1000000,64000000,0.020,0.650,1,7346820.667,850988.855
AdaptiveSmart/squashing:this_node_read,1000000,64000000,0.020,0.650,1,739839055.667,496879.249
AdaptiveSmart/squashing:cross_node_write,1000000,64000000,0.020,0.650,1,17728.500,538.261
AdaptiveSmart/squashing:this_node_read_success,1000000,64000000,0.020,0.650,1,3898208.500,1148208.944
AdaptiveSmart/squashing:this_node_write,1000000,64000000,0.020,0.650,1,3316967.333,11332.796
AdaptiveSmart/squashing:global_data_read_write,1000000,64000000,0.020,0.650,1,0.000,0.000
AdaptiveSmart/squashing:same_set_requests_true,1000000,64000000,0.020,0.650,1,116994228.500,4210.592
AdaptiveSmart/squashing:same_set_requests_false,1000000,64000000,0.020,0.650,1,1869816.500,3884.692
AdaptiveSmart/squashing:union_requests,1000000,64000000,0.020,0.650,1,63993098.000,326.443
AdaptiveSmart/halfing,1000000,4000000,0.100,0.650,1,1842244.266,292141.225
AdaptiveSmart/halfing:cross_node_read,1000000,4000000,0.100,0.650,1,3458303.833,231573.119
AdaptiveSmart/halfing:this_node_read,1000000,4000000,0.100,0.650,1,51348746.333,620527.941
AdaptiveSmart/halfing:cross_node_write,1000000,4000000,0.100,0.650,1,81189.167,727.148
AdaptiveSmart/halfing:this_node_read_success,1000000,4000000,0.100,0.650,1,2591166.667,107655.905
AdaptiveSmart/halfing:this_node_write,1000000,4000000,0.100,0.650,1,2679029.833,411606.000
AdaptiveSmart/halfing:global_data_read_write,1000000,4000000,0.100,0.650,1,0.000,0.000
AdaptiveSmart/halfing:same_set_requests_true,1000000,4000000,0.100,0.650,1,5530334.333,16631.479
AdaptiveSmart/halfing:same_set_requests_false,1000000,4000000,0.100,0.650,1,1898348.167,17182.705
AdaptiveSmart/halfing:union_requests,1000000,4000000,0.100,0.650,1,3999870.500,551.557
AdaptiveSmart/squashing,1000000,4000000,0.100,0.650,1,1884781.059,330292.628
AdaptiveSmart/squashing:cross_node_read,1000000,4000000,0.100,0.650,1,3969402.167,726450.228
AdaptiveSmart/squashing:this_node_read,1000000,4000000,0.100,0.650,1,52350674.500,732517.617
AdaptiveSmart/squashing:cross_node_write,1000000,4000000,0.100,0.650,1,77567.333,72.586
AdaptiveSmart/squashing:this_node_read_success,1000000,4000000,0.100,0.650,1,2575566.667,27466.329
AdaptiveSmart/squashing:this_node_write,1000000,4000000,0.100,0.650,1,2744792.667,522928.202
AdaptiveSmart/squashing:global_data_read_write,1000000,4000000,0.100,0.650,1,0.000,0.000
AdaptiveSmart/squashing:same_set_requests_true,1000000,4000000,0.100,0.650,1,5543035.667,12189.881
AdaptiveSmart/squashing:same_set_requests_false,1000000,4000000,0.100,0.650,1,1885646.833,12740.784
AdaptiveSmart/squashing:union_requests,1000000,4000000,0.100,0.650,1,3999870.500,551.557
AdaptiveSmart/halfing,1000000,16000000,0.100,0.650,1,2329396.419,498373.978
AdaptiveSmart/halfing:cross_node_read,1000000,16000000,0.100,0.650,1,12849897.333,2242813.593
AdaptiveSmart/halfing:this_node_read,1000000,16000000,0.100,0.650,1,192080050.000,794952.068
AdaptiveSmart/halfing:cross_node_write,1000000,16000000,0.100,0.650,1,81273.667,337.497
AdaptiveSmart/halfing:this_node_read_success,1000000,16000000,0.100,0.650,1,3822756.333,498882.960
AdaptiveSmart/halfing:this_node_write,1000000,16000000,0.100,0.650,1,2657482.333,59356.623
AdaptiveSmart/halfing:global_data_read_write,1000000,16000000,0.100,0.650,1,0.000,0.000
AdaptiveSmart/halfing:same_set_requests_true,1000000,16000000,0.100,0.650,1,27804272.167,16137.381
AdaptiveSmart/halfing:same_set_requests_false,1000000,16000000,0.100,0.650,1,1915962.333,14281.433
AdaptiveSmart/halfing:union_requests,1000000,16000000,0.100,0.650,1,15993978.500,1873.759
AdaptiveSmart/squashing,1000000,16000000,0.100,0.650,1,2321778.448,550674.257
AdaptiveSmart/squashing:cross_node_read,1000000,16000000,0.100,0.650,1,12546383.333,1352940.267
AdaptiveSmart/squashing:this_node_read,1000000,16000000,0.100,0.650,1,192714898.000,234012.269
AdaptiveSmart/squashing:cross_node_write,1000000,16000000,0.100,0.650,1,78987.833,2033.628
AdaptiveSmart/squashing:this_node_read_success,1000000,16000000,0.100,0.650,1,4179994.667,832751.553
AdaptiveSmart/squashing:this_node_write,1000000,16000000,0.100,0.650,1,2682294.667,99841.490
AdaptiveSmart/squashing:global_data_read_write,1000000,16000000,0.100,0.650,1,0.000,0.000
AdaptiveSmart/squashing:same_set_requests_true,1000000,16000000,0.100,0.650,1,27812412.000,10807.386
AdaptiveSmart/squashing:same_set_requests_false,1000000,16000000,0.100,0.650,1,1907822.500,8976.738
AdaptiveSmart/squashing:union_requests,1000000,16000000,0.100,0.650,1,15993978.500,1873.759
AdaptiveSmart/halfing,1000000,64000000,0.100,0.650,1,2551644.844,625132.647
AdaptiveSmart/halfing:cross_node_read,1000000,64000000,0.100,0.650,1,29891809.000,855164.691
AdaptiveSmart/halfing:this_node_read,1000000,64000000,0.100,0.650,1,755022874.333,6292408.750
AdaptiveSmart/halfing:cross_node_write,1000000,64000000,0.100,0.650,1,84061.167,1553.497
AdaptiveSmart/halfing:this_node_read_success,1000000,64000000,0.100,0.650,1,14394284.000,8239208.815
AdaptiveSmart/halfing:this_node_write,1000000,64000000,0.100,0.650,1,2790988.167,36371.818
AdaptiveSmart/halfing:global_data_read_write,1000000,64000000,0.100,0.650,1,0.000,0.000
AdaptiveSmart/halfing:same_set_requests_true,1000000,64000000,0.100,0.650,1,116933121.833,35877.722
AdaptiveSmart/halfing:same_set_requests_false,1000000,64000000,0.100,0.650,1,1928395.667,37460.195
AdaptiveSmart/halfing:union_requests,1000000,64000000,0.100,0.650,1,63995588.500,1603.184
AdaptiveSmart/squashing,1000000,64000000,0.100,0.650,1,2564406.202,629914.099
AdaptiveSmart/squashing:cross_node_read,1000000,64000000,0.100,0.650,1,40187274.000,11030186.276
AdaptiveSmart/squashing:this_node_read,1000000,64000000,0.100,0.650,1,759224162.500,1125623.704
AdaptiveSmart/squashing:cross_node_write,1000000,64000000,0.100,0.650,1,77840.667,77.340
AdaptiveSmart/squashing:this_node_read_success,1000000,64000000,0.100,0.650,1,12496952.833,7360535.266
AdaptiveSmart/squashing:this_node_write,1000000,64000000,0.100,0.650,1,2814626.000,27455.307
AdaptiveSmart/squashing:global_data_read_write,1000000,64000000,0.100,0.650,1,0.000,0.000
AdaptiveSmart/squashing:same_set_requests_true,1000000,64000000,0.100,0.650,1,116953185.167,30368.152
AdaptiveSmart/squashing:same_set_requests_false,1000000,64000000,0.100,0.650,1,1908332.333,31965.804
AdaptiveSmart/squashing:union_requests,1000000,64000000,0.100,0.650,1,63995588.500,1603.184
AdaptiveSmart/halfing,1000000,4000000,0.300,0.650,1,1587156.049,206771.254
AdaptiveSmart/halfing:cross_node_read,1000000,4000000,0.300,0.650,1,6055904.500,70944.308
AdaptiveSmart/halfing:this_node_read,1000000,4000000,0.300,0.650,1,53249433.500,55443.935
AdaptiveSmart/halfing:cross_node_write,1000000,4000000,0.300,0.650,1,205919.500,309.313
AdaptiveSmart/halfing:this_node_read_success,1000000,4000000,0.300,0.650,1,3636891.167,138488.406
AdaptiveSmart/halfing:this_node_write,1000000,4000000,0.300,0.650,1,3323883.667,101193.645
AdaptiveSmart/halfing:global_data_read_write,1000000,4000000,0.300,0.650,1,0.000,0.000
AdaptiveSmart/halfing:same_set_requests_true,1000000,4000000,0.300,0.650,1,5453572.833,7448.839
AdaptiveSmart/halfing:same_set_requests_false,1000000,4000000,0.300,0.650,1,1972500.167,7979.797
AdaptiveSmart/halfing:union_requests,1000000,4000000,0.300,0.650,1,4002498.000,534.577
AdaptiveSmart/squashing,1000000,4000000,0.300,0.650,1,1570244.418,205416.750
AdaptiveSmart/squashing:cross_node_read,1000000,4000000,0.300,0.650,1,6776957.167,664716.393
AdaptiveSmart/squashing:this_node_read,1000000,4000000,0.300,0.650,1,54405664.000,120946.272
AdaptiveSmart/squashing:cross_node_write,1000000,4000000,0.300,0.650,1,201334.167,85.831
AdaptiveSmart/squashing:this_node_read_success,1000000,4000000,0.300,0.650,1,3749143.333,111070.445
AdaptiveSmart/squashing:this_node_write,1000000,4000000,0.300,0.650,1,3262217.333,171971.176
AdaptiveSmart/squashing:global_data_read_write,1000000,4000000,0.300,0.650,1,0.000,0.000
AdaptiveSmart/squashing:same_set_requests_true,1000000,4000000,0.300,0.650,1,5494864.000,11627.915
AdaptiveSmart/squashing:same_set_requests_false,1000000,4000000,0.300,0.650,1,1931209.000,11093.855
AdaptiveSmart/squashing:union_requests,1000000,4000000,0.300,0.650,1,4002498.000,534.577
AdaptiveSmart/halfing,1000000,16000000,0.300,0.650,1,2208176.118,453723.163
AdaptiveSmart/halfing:cross_node_read,1000000,16000000,0.300,0.650,1,20041357.833,2572304.589
AdaptiveSmart/halfing:this_node_read,1000000,16000000,0.300,0.650,1,194572680.833,495562.106
AdaptiveSmart/halfing:cross_node_write,1000000,16000000,0.300,0.650,1,206487.167,350.874
AdaptiveSmart/halfing:this_node_read_success,1000000,16000000,0.300,0.650,1,5267216.167,941519.867
AdaptiveSmart/halfing:this_node_write,1000000,16000000,0.300,0.650,1,2723435.000,109969.740
AdaptiveSmart/halfing:global_data_read_write,1000000,16000000,0.300,0.650,1,0.000,0.000
AdaptiveSmart/halfing:same_set_requests_true,1000000,16000000,0.300,0.650,1,27741866.833,19174.557
AdaptiveSmart/halfing:same_set_requests_false,1000000,16000000,0.300,0.650,1,1971366.667,19782.331
AdaptiveSmart/halfing:union_requests,1000000,16000000,0.300,0.650,1,16001052.500,613.997
AdaptiveSmart/squashing,1000000,16000000,0.300,0.650,1,2153956.995,439356.720
AdaptiveSmart/squashing:cross_node_read,1000000,16000000,0.300,0.650,1,17794775.500,5333489.759
AdaptiveSmart/squashing:this_node_read,1000000,16000000,0.300,0.650,1,195936505.500,211859.124
AdaptiveSmart/squashing:cross_node_write,1000000,16000000,0.300,0.650,1,203954.667,3317.099
AdaptiveSmart/squashing:this_node_read_success,1000000,16000000,0.300,0.650,1,7085164.500,2095320.276
AdaptiveSmart/squashing:this_node_write,1000000,16000000,0.300,0.650,1,3028124.667,430418.588
AdaptiveSmart/squashing:global_data_read_write,1000000,16000000,0.300,0.650,1,0.000,0.000
AdaptiveSmart/squashing:same_set_requests_true,1000000,16000000,0.300,0.650,1,27758202.833,30676.104
AdaptiveSmart/squashing:same_set_requests_false,1000000,16000000,0.300,0.650,1,1955030.667,30062.386
AdaptiveSmart/squashing:union_requests,1000000,16000000,0.300,0.650,1,16001052.500,613.997
AdaptiveSmart/halfing,1000000,64000000,0.300,0.650,1,2479925.376,594785.137
AdaptiveSmart/halfing:cross_node_read,1000000,64000000,0.300,0.650,1,65915550.000,12815717.084
AdaptiveSmart/halfing:this_node_read,1000000,64000000,0.300,0.650,1,756983415.500,6614119.222
AdaptiveSmart/halfing:cross_node_write,1000000,64000000,0.300,0.650,1,204573.833,665.918
AdaptiveSmart/halfing:this_node_read_success,1000000,64000000,0.300,0.650,1,5373841.333,1400447.598
AdaptiveSmart/halfing:this_node_write,1000000,64000000,0.300,0.650,1,3884593.833,1119214.702
AdaptiveSmart/halfing:global_data_read_write,1000000,64000000,0.300,0.650,1,0.000,0.000
AdaptiveSmart/halfing:same_set_requests_true,1000000,64000000,0.300,0.650,1,116847462.167,29531.208
AdaptiveSmart/halfing:same_set_requests_false,1000000,64000000,0.300,0.650,1,2011202.833,26197.205
AdaptiveSmart/halfing:union_requests,1000000,64000000,0.300,0.650,1,63998478.000,3340.012
AdaptiveSmart/squashing,1000000,64000000,0.300,0.650,1,2518879.586,560819.022
AdaptiveSmart/squashing:cross_node_read,1000000,64000000,0.300,0.650,1,51872389.000,22254627.050
AdaptiveSmart/squashing:this_node_read,1000000,64000000,0.300,0.650,1,759913216.000,2661147.675
AdaptiveSmart/squashing:cross_node_write,1000000,64000000,0.300,0.650,1,200823.000,333.510
AdaptiveSmart/squashing:this_node_read_success,1000000,64000000,0.300,0.650,1,17517128.667,11060924.888
AdaptiveSmart/squashing:this_node_write,1000000,64000000,0.300,0.650,1,3288858.500,437798.221
AdaptiveSmart/squashing:global_data_read_write,1000000,64000000,0.300,0.650,1,0.000,0.000
AdaptiveSmart/squashing:same_set_requests_true,1000000,64000000,0.300,0.650,1,116903147.167,7238.162
AdaptiveSmart/squashing:same_set_requests_false,1000000,64000000,0.300,0.650,1,1955517.833,10572.751
AdaptiveSmart/squashing:union_requests,1000000,64000000,0.300,0.650,1,63998478.000,3340.012
AdaptiveSmart/halfing,1000000,4000000,0.020,0.800,1,2013807.208,346670.865
AdaptiveSmart/halfing:cross_node_read,1000000,4000000,0.020,0.800,1,2269012.667,34397.646
AdaptiveSmart/halfing:this_node_read,1000000,4000000,0.020,0.800,1,88318686.167,253949.445
AdaptiveSmart/halfing:cross_node_write,1000000,4000000,0.020,0.800,1,18267.833,51.394
AdaptiveSmart/halfing:this_node_read_success,1000000,4000000,0.020,0.800,1,3809041.500,37628.736
AdaptiveSmart/halfing:this_node_write,1000000,4000000,0.020,0.800,1,3591241.167,189513.854
AdaptiveSmart/halfing:global_data_read_write,1000000,4000000,0.020,0.800,1,0.000,0.000
AdaptiveSmart/halfing:same_set_requests_true,1000000,4000000,0.020,0.800,1,11981865.000,2682.347
AdaptiveSmart/halfing:same_set_requests_false,1000000,4000000,0.020,0.800,1,4016987.500,3479.807
AdaptiveSmart/halfing:union_requests,1000000,4000000,0.020,0.800,1,4001147.500,801.318
AdaptiveSmart/squashing,1000000,4000000,0.020,0.800,1,1990046.753,390008.171
AdaptiveSmart/squashing:cross_node_read,1000000,4000000,0.020,0.800,1,2174609.000,78543.276
AdaptiveSmart/squashing:this_node_read,1000000,4000000,0.020,0.800,1,89129961.833,862074.154
AdaptiveSmart/squashing:cross_node_write,1000000,4000000,0.020,0.800,1,17149.833,125.383
AdaptiveSmart/squashing:this_node_read_success,1000000,4000000,0.020,0.800,1,3875245.000,16774.004
AdaptiveSmart/squashing:this_node_write,1000000,4000000,0.020,0.800,1,3495671.667,445054.693
AdaptiveSmart/squashing:global_data_read_write,1000000,4000000,0.020,0.800,1,0.000,0.000
AdaptiveSmart/squashing:same_set_requests_true,1000000,4000000,0.020,0.800,1,11984925.000,5574.104
AdaptiveSmart/squashing:same_set_requests_false,1000000,4000000,0.020,0.800,1,4013927.500,6374.581
AdaptiveSmart/squashing:union_requests,1000000,4000000,0.020,0.800,1,4001147.500,801.318
AdaptiveSmart/halfing,1000000,16000000,0.020,0.800,1,2484170.866,494605.863
AdaptiveSmart/halfing:cross_node_read,1000000,16000000,0.020,0.800,1,4840000.333,234534.669
AdaptiveSmart/halfing:this_node_read,1000000,16000000,0.020,0.800,1,327369287.000,520557.131
AdaptiveSmart/halfing:cross_node_write,1000000,16000000,0.020,0.800,1,17951.500,661.203
AdaptiveSmart/halfing:this_node_read_success,1000000,16000000,0.020,0.800,1,4637234.500,133881.518
AdaptiveSmart/halfing:this_node_write,1000000,16000000,0.020,0.800,1,2806762.000,309451.577
AdaptiveSmart/halfing:global_data_read_write,1000000,16000000,0.020,0.800,1,0.000,0.000
AdaptiveSmart/halfing:same_set_requests_true,1000000,16000000,0.020,0.800,1,59985494.333,1917.835
AdaptiveSmart/halfing:same_set_requests_false,1000000,16000000,0.020,0.800,1,4013003.167,2080.578
AdaptiveSmart/halfing:union_requests,1000000,16000000,0.020,0.800,1,16001502.500,457.348
AdaptiveSmart/squashing,1000000,16000000,0.020,0.800,1,2468218.164,587374.999
AdaptiveSmart/squashing:cross_node_read,1000000,16000000,0.020,0.800,1,4994561.833,791565.910
AdaptiveSmart/squashing:this_node_read,1000000,16000000,0.020,0.800,1,328238478.500,239895.075
AdaptiveSmart/squashing:cross_node_write,1000000,16000000,0.020,0.800,1,17070.167,207.912
AdaptiveSmart/squashing:this_node_read_success,1000000,16000000,0.020,0.800,1,4799008.333,373193.213
AdaptiveSmart/squashing:this_node_write,1000000,16000000,0.020,0.800,1,2880876.167,377549.845
AdaptiveSmart/squashing:global_data_read_write,1000000,16000000,0.020,0.800,1,0.000,0.000
AdaptiveSmart/squashing:same_set_requests_true,1000000,16000000,0.020,0.800,1,59987906.667,723.071
AdaptiveSmart/squashing:same_set_requests_false,1000000,16000000,0.020,0.800,1,4010590.833,1172.155
AdaptiveSmart/squashing:union_requests,1000000,16000000,0.020,0.800,1,16001502.500,457.348
AdaptiveSmart/halfing,1000000,64000000,0.020,0.800,1,2632617.462,469538.376
AdaptiveSmart/halfing:cross_node_read,1000000,64000000,0.020,0.800,1,30441632.667,13266975.746
AdaptiveSmart/halfing:this_node_read,1000000,64000000,0.020,0.800,1,1293962557.667,4799931.942
AdaptiveSmart/halfing:cross_node_write,1000000,64000000,0.020,0.800,1,17163.167,40.819
AdaptiveSmart/halfing:this_node_read_success,1000000,64000000,0.020,0.800,1,6178589.333,1739171.119
AdaptiveSmart/halfing:this_node_write,1000000,64000000,0.020,0.800,1,2905292.167,194672.392
AdaptiveSmart/halfing:global_data_read_write,1000000,64000000,0.020,0.800,1,0.000,0.000
AdaptiveSmart/halfing:same_set_requests_true,1000000,64000000,0.020,0.800,1,251972719.333,9429.228
AdaptiveSmart/halfing:same_set_requests_false,1000000,64000000,0.020,0.800,1,4025980.667,9016.996
AdaptiveSmart/halfing:union_requests,1000000,64000000,0.020,0.800,1,64001300.000,3598.537
AdaptiveSmart/squashing,1000000,64000000,0.020,0.800,1,2526780.757,680873.829
AdaptiveSmart/squashing:cross_node_read,1000000,64000000,0.020,0.800,1,46588885.333,10111226.099
AdaptiveSmart/squashing:this_node_read,1000000,64000000,0.020,0.800,1,1300350359.667,2670317.651
AdaptiveSmart/squashing:cross_node_write,1000000,64000000,0.020,0.800,1,17259.833,117.658
AdaptiveSmart/squashing:this_node_read_success,1000000,64000000,0.020,0.800,1,7228507.833,1441403.066
AdaptiveSmart/squashing:this_node_write,1000000,64000000,0.020,0.800,1,2713161.333,12602.556
AdaptiveSmart/squashing:global_data_read_write,1000000,64000000,0.020,0.800,1,0.000,0.000
AdaptiveSmart/squashing:same_set_requests_true,1000000,64000000,0.020,0.800,1,251939220.000,35169.822
AdaptiveSmart/squashing:same_set_requests_false,1000000,64000000,0.020,0.800,1,4059480.000,31769.296
AdaptiveSmart/squashing:union_requests,1000000,64000000,0.020,0.800,1,64001300.000,3598.537
AdaptiveSmart/halfing,1000000,4000000,0.100,0.800,1,2090226.794,262155.142
AdaptiveSmart/halfing:cross_node_read,1000000,4000000,0.100,0.800,1,6323523.000,617947.864
AdaptiveSmart/halfing:this_node_read,1000000,4000000,0.100,0.800,1,87366640.667,483451.290
AdaptiveSmart/halfing:cross_node_write,1000000,4000000,0.100,0.800,1,77944.500,210.290
AdaptiveSmart/halfing:this_node_read_success,1000000,4000000,0.100,0.800,1,4445561.167,16566.143
AdaptiveSmart/halfing:this_node_write,1000000,4000000,0.100,0.800,1,2692099.500,414698.008
AdaptiveSmart/halfing:global_data_read_write,1000000,4000000,0.100,0.800,1,0.000,0.000
AdaptiveSmart/halfing:same_set_requests_true,1000000,4000000,0.100,0.800,1,11948327.167,1340.858
AdaptiveSmart/halfing:same_set_requests_false,1000000,4000000,0.100,0.800,1,4051129.333,2228.576
AdaptiveSmart/halfing:union_requests,1000000,4000000,0.100,0.800,1,4000543.500,944.821
AdaptiveSmart/squashing,1000000,4000000,0.100,0.800,1,1926663.993,367176.082
AdaptiveSmart/squashing:cross_node_read,1000000,4000000,0.100,0.800,1,6357288.333,407139.862
AdaptiveSmart/squashing:this_node_read,1000000,4000000,0.100,0.800,1,88985101.000,267845.117
AdaptiveSmart/squashing:cross_node_write,1000000,4000000,0.100,0.800,1,78034.000,278.972
AdaptiveSmart/squashing:this_node_read_success,1000000,4000000,0.100,0.800,1,4430477.000,39087.616
AdaptiveSmart/squashing:this_node_write,1000000,4000000,0.100,0.800,1,3192577.500,147061.973
AdaptiveSmart/squashing:global_data_read_write,1000000,4000000,0.100,0.800,1,0.000,0.000
AdaptiveSmart/squashing:same_set_requests_true,1000000,4000000,0.100,0.800,1,11935393.500,5254.105
AdaptiveSmart/squashing:same_set_requests_false,1000000,4000000,0.100,0.800,1,4064063.000,5703.838
AdaptiveSmart/squashing:union_requests,1000000,4000000,0.100,0.800,1,4000543.500,944.821
AdaptiveSmart/halfing,1000000,16000000,0.100,0.800,1,2439453.319,384400.248
AdaptiveSmart/halfing:cross_node_read,1000000,16000000,0.100,0.800,1,18425195.667,7190676.089
AdaptiveSmart/halfing:this_node_read,1000000,16000000,0.100,0.800,1,330233854.667,1463288.291
AdaptiveSmart/halfing:cross_node_write,1000000,16000000,0.100,0.800,1,77538.000,621.432
AdaptiveSmart/halfing:this_node_read_success,1000000,16000000,0.100,0.800,1,6536569.167,215111.868
AdaptiveSmart/halfing:this_node_write,1000000,16000000,0.100,0.800,1,3269299.667,652659.004
AdaptiveSmart/halfing:global_data_read_write,1000000,16000000,0.100,0.800,1,0.000,0.000
AdaptiveSmart/halfing:same_set_requests_true,1000000,16000000,0.100,0.800,1,59952515.000,5138.082
AdaptiveSmart/halfing:same_set_requests_false,1000000,16000000,0.100,0.800,1,4048606.500,4620.846
AdaptiveSmart/halfing:union_requests,1000000,16000000,0.100,0.800,1,15998878.500,534.029
AdaptiveSmart/squashing,1000000,16000000,0.100,0.800,1,2366973.902,605575.850
AdaptiveSmart/squashing:cross_node_read,1000000,16000000,0.100,0.800,1,14003355.333,2649863.746
AdaptiveSmart/squashing:this_node_read,1000000,16000000,0.100,0.800,1,330331536.833,698812.940
AdaptiveSmart/squashing:cross_node_write,1000000,16000000,0.100,0.800,1,78135.000,631.184
AdaptiveSmart/squashing:this_node_read_success,1000000,16000000,0.100,0.800,1,7147774.833,1457415.949
AdaptiveSmart/squashing:this_node_write,1000000,16000000,0.100,0.800,1,3487992.667,665872.101
AdaptiveSmart/squashing:global_data_read_write,1000000,16000000,0.100,0.800,1,0.000,0.000
AdaptiveSmart/squashing:same_set_requests_true,1000000,16000000,0.100,0.800,1,59897484.500,33254.010
AdaptiveSmart/squashing:same_set_requests_false,1000000,16000000,0.100,0.800,1,4103637.000,33787.939
AdaptiveSmart/squashing:union_requests,1000000,16000000,0.100,0.800,1,15998878.500,534.029
AdaptiveSmart/halfing,1000000,64000000,0.100,0.800,1,2564846.148,434250.448
AdaptiveSmart/halfing:cross_node_read,1000000,64000000,0.100,0.800,1,54719560.833,4897042.581
AdaptiveSmart/halfing:this_node_read,1000000,64000000,0.100,0.800,1,1299658814.333,7269951.415
AdaptiveSmart/halfing:cross_node_write,1000000,64000000,0.100,0.800,1,77882.833,85.153
AdaptiveSmart/halfing:this_node_read_success,1000000,64000000,0.100,0.800,1,13967072.833,9020179.042
AdaptiveSmart/halfing:this_node_write,1000000,64000000,0.100,0.800,1,3315488.833,458907.112
AdaptiveSmart/halfing:global_data_read_write,1000000,64000000,0.100,0.800,1,0.000,0.000
AdaptiveSmart/halfing:same_set_requests_true,1000000,64000000,0.100,0.800,1,251951039.167,3157.770
AdaptiveSmart/halfing:same_set_requests_false,1000000,64000000,0.100,0.800,1,4048537.833,9647.453
AdaptiveSmart/halfing:union_requests,1000000,64000000,0.100,0.800,1,64000423.000,10745.221
AdaptiveSmart/squashing,1000000,64000000,0.100,0.800,1,2481203.914,660948.257
AdaptiveSmart/squashing:cross_node_read,1000000,64000000,0.100,0.800,1,36313109.000,3082378.856
AdaptiveSmart/squashing:this_node_read,1000000,64000000,0.100,0.800,1,1294458727.500,6468724.187
AdaptiveSmart/squashing:cross_node_write,1000000,64000000,0.100,0.800,1,78230.667,306.688
AdaptiveSmart/squashing:this_node_read_success,1000000,64000000,0.100,0.800,1,13189726.333,8302557.594
AdaptiveSmart/squashing:this_node_write,1000000,64000000,0.100,0.800,1,3915028.667,661534.016
AdaptiveSmart/squashing:global_data_read_write,1000000,64000000,0.100,0.800,1,0.000,0.000
AdaptiveSmart/squashing:same_set_requests_true,1000000,64000000,0.100,0.800,1,251941232.167,11246.637
AdaptiveSmart/squashing:same_set_requests_false,1000000,64000000,0.100,0.800,1,4058344.833,21984.598
AdaptiveSmart/squashing:union_requests,1000000,64000000,0.100,0.800,1,64000423.000,10745.221
AdaptiveSmart/halfing,1000000,4000000,0.300,0.800,1,2007863.943,244968.561
AdaptiveSmart/halfing:cross_node_read,1000000,4000000,0.300,0.800,1,12622226.000,709522.808
AdaptiveSmart/halfing:this_node_read,1000000,4000000,0.300,0.800,1,87939582.500,514097.021
AdaptiveSmart/halfing:cross_node_write,1000000,4000000,0.300,0.800,1,200600.000,559.234
AdaptiveSmart/halfing:this_node_read_success,1000000,4000000,0.300,0.800,1,5630933.000,67775.735
AdaptiveSmart/halfing:this_node_write,1000000,4000000,0.300,0.800,1,2545147.167,108195.653
AdaptiveSmart/halfing:global_data_read_write,1000000,4000000,0.300,0.800,1,0.000,0.000
AdaptiveSmart/halfing:same_set_requests_true,1000000,4000000,0.300,0.800,1,11902615.667,14200.202
AdaptiveSmart/halfing:same_set_requests_false,1000000,4000000,0.300,0.800,1,4095267.333,14459.587
AdaptiveSmart/halfing:union_requests,1000000,4000000,0.300,0.800,1,4002117.000,259.620
AdaptiveSmart/squashing,1000000,4000000,0.300,0.800,1,1860138.195,340787.956
AdaptiveSmart/squashing:cross_node_read,1000000,4000000,0.300,0.800,1,12359380.000,551553.224
AdaptiveSmart/squashing:this_node_read,1000000,4000000,0.300,0.800,1,89121523.000,371375.479
AdaptiveSmart/squashing:cross_node_write,1000000,4000000,0.300,0.800,1,201163.000,162.738
AdaptiveSmart/squashing:this_node_read_success,1000000,4000000,0.300,0.800,1,5646904.000,73738.089
AdaptiveSmart/squashing:this_node_write,1000000,4000000,0.300,0.800,1,2911343.500,297659.166
AdaptiveSmart/squashing:global_data_read_write,1000000,4000000,0.300,0.800,1,0.000,0.000
AdaptiveSmart/squashing:same_set_requests_true,1000000,4000000,0.300,0.800,1,11901647.833,16149.110
AdaptiveSmart/squashing:same_set_requests_false,1000000,4000000,0.300,0.800,1,4096235.167,16408.484
AdaptiveSmart/squashing:union_requests,1000000,4000000,0.300,0.800,1,4002117.000,259.620
AdaptiveSmart/halfing,1000000,16000000,0.300,0.800,1,2404807.695,366066.860
AdaptiveSmart/halfing:cross_node_read,1000000,16000000,0.300,0.800,1,28729764.167,3324114.981
AdaptiveSmart/halfing:this_node_read,1000000,16000000,0.300,0.800,1,331665476.333,1013157.316
AdaptiveSmart/halfing:cross_node_write,1000000,16000000,0.300,0.800,1,201417.167,417.326
AdaptiveSmart/halfing:this_node_read_success,1000000,16000000,0.300,0.800,1,10261017.167,1707215.458
AdaptiveSmart/halfing:this_node_write,1000000,16000000,0.300,0.800,1,2766887.667,39337.372
AdaptiveSmart/halfing:global_data_read_write,1000000,16000000,0.300,0.800,1,0.000,0.000
AdaptiveSmart/halfing:same_set_requests_true,1000000,16000000,0.300,0.800,1,59891367.667,40918.441
AdaptiveSmart/halfing:same_set_requests_false,1000000,16000000,0.300,0.800,1,4109525.333,42100.045
AdaptiveSmart/halfing:union_requests,1000000,16000000,0.300,0.800,1,15999107.000,1484.328
AdaptiveSmart/squashing,1000000,16000000,0.300,0.800,1,2327928.854,528092.311
AdaptiveSmart/squashing:cross_node_read,1000000,16000000,0.300,0.800,1,28030276.500,3218332.392
AdaptiveSmart/squashing:this_node_read,1000000,16000000,0.300,0.800,1,332160890.667,493292.144
AdaptiveSmart/squashing:cross_node_write,1000000,16000000,0.300,0.800,1,202316.833,1121.893
AdaptiveSmart/squashing:this_node_read_success,1000000,16000000,0.300,0.800,1,10500389.667,1879850.244
AdaptiveSmart/squashing:this_node_write,1000000,16000000,0.300,0.800,1,3042611.333,436300.197
AdaptiveSmart/squashing:global_data_read_write,1000000,16000000,0.300,0.800,1,0.000,0.000
AdaptiveSmart/squashing:same_set_requests_true,1000000,16000000,0.300,0.800,1,59795082.500,62540.487
AdaptiveSmart/squashing:same_set_requests_false,1000000,16000000,0.300,0.800,1,4205810.500,64024.310
AdaptiveSmart/squashing:union_requests,1000000,16000000,0.300,0.800,1,15999107.000,1484.328
AdaptiveSmart/halfing,1000000,64000000,0.300,0.800,1,2539861.297,500039.002
AdaptiveSmart/halfing:cross_node_read,1000000,64000000,0.300,0.800,1,74038410.500,6078159.860
AdaptiveSmart/halfing:this_node_read,1000000,64000000,0.300,0.800,1,1303942036.333,486019.622
AdaptiveSmart/halfing:cross_node_write,1000000,64000000,0.300,0.800,1,201802.000,1446.864
AdaptiveSmart/halfing:this_node_read_success,1000000,64000000,0.300,0.800,1,30725367.000,3964906.195
AdaptiveSmart/halfing:this_node_write,1000000,64000000,0.300,0.800,1,3135090.833,374731.605
AdaptiveSmart/halfing:global_data_read_write,1000000,64000000,0.300,0.800,1,0.000,0.000
AdaptiveSmart/halfing:same_set_requests_true,1000000,64000000,0.300,0.800,1,251833272.667,46804.606
AdaptiveSmart/halfing:same_set_requests_false,1000000,64000000,0.300,0.800,1,4167596.333,49471.379
AdaptiveSmart/halfing:union_requests,1000000,64000000,0.300,0.800,1,63999131.000,3000.424
AdaptiveSmart/squashing,1000000,64000000,0.300,0.800,1,2423860.098,650692.907
AdaptiveSmart/squashing:cross_node_read,1000000,64000000,0.300,0.800,1,73595720.833,12434948.183
AdaptiveSmart/squashing:this_node_read,1000000,64000000,0.300,0.800,1,1304047556.167,5574896.299
AdaptiveSmart/squashing:cross_node_write,1000000,64000000,0.300,0.800,1,200968.833,676.066
AdaptiveSmart/squashing:this_node_read_success,1000000,64000000,0.300,0.800,1,30010147.500,586682.481
AdaptiveSmart/squashing:this_node_write,1000000,64000000,0.300,0.800,1,3083236.167,340863.078
AdaptiveSmart/squashing:global_data_read_write,1000000,64000000,0.300,0.800,1,0.000,0.000
AdaptiveSmart/squashing:same_set_requests_true,1000000,64000000,0.300,0.800,1,251845194.333,53292.289
AdaptiveSmart/squashing:same_set_requests_false,1000000,64000000,0.300,0.800,1,4155674.667,56291.683
AdaptiveSmart/squashing:union_requests,1000000,64000000,0.300,0.800,1,63999131.000,3000.424
AdaptiveSmart/halfing,1000000,4000000,0.020,0.950,1,2277613.872,323255.589
AdaptiveSmart/halfing:cross_node_read,1000000,4000000,0.020,0.950,1,10531549.667,520134.405
AdaptiveSmart/halfing:this_node_read,1000000,4000000,0.020,0.950,1,342177755.833,447366.707
AdaptiveSmart/halfing:cross_node_write,1000000,4000000,0.020,0.950,1,17075.000,74.841
AdaptiveSmart/halfing:this_node_read_success,1000000,4000000,0.020,0.950,1,17477282.000,64749.481
AdaptiveSmart/halfing:this_node_write,1000000,4000000,0.020,0.950,1,3355476.167,253327.314
AdaptiveSmart/halfing:global_data_read_write,1000000,4000000,0.020,0.950,1,0.000,0.000
AdaptiveSmart/halfing:same_set_requests_true,1000000,4000000,0.020,0.950,1,56966290.000,11591.264
AdaptiveSmart/halfing:same_set_requests_false,1000000,4000000,0.020,0.950,1,19035328.500,11810.833
AdaptiveSmart/halfing:union_requests,1000000,4000000,0.020,0.950,1,3998381.500,219.637
AdaptiveSmart/squashing,1000000,4000000,0.020,0.950,1,2255700.931,493875.439
AdaptiveSmart/squashing:cross_node_read,1000000,4000000,0.020,0.950,1,9928245.833,168485.642
AdaptiveSmart/squashing:this_node_read,1000000,4000000,0.020,0.950,1,343867089.167,1626516.014
AdaptiveSmart/squashing:cross_node_write,1000000,4000000,0.020,0.950,1,17253.667,59.362
AdaptiveSmart/squashing:this_node_read_success,1000000,4000000,0.020,0.950,1,17494433.167,136420.372
AdaptiveSmart/squashing:this_node_write,1000000,4000000,0.020,0.950,1,3785650.333,787613.337
AdaptiveSmart/squashing:global_data_read_write,1000000,4000000,0.020,0.950,1,0.000,0.000
AdaptiveSmart/squashing:same_set_requests_true,1000000,4000000,0.020,0.950,1,56969094.667,20656.762
AdaptiveSmart/squashing:same_set_requests_false,1000000,4000000,0.020,0.950,1,19032523.833,20876.365
AdaptiveSmart/squashing:union_requests,1000000,4000000,0.020,0.950,1,3998381.500,219.637
AdaptiveSmart/halfing,1000000,16000000,0.020,0.950,1,2475597.801,435278.870
AdaptiveSmart/halfing:cross_node_read,1000000,16000000,0.020,0.950,1,44563279.833,16265401.660
AdaptiveSmart/halfing:this_node_read,1000000,16000000,0.020,0.950,1,1300881723.167,1664959.999
AdaptiveSmart/halfing:cross_node_write,1000000,16000000,0.020,0.950,1,17317.333,41.413
AdaptiveSmart/halfing:this_node_read_success,1000000,16000000,0.020,0.950,1,18249813.833,486817.338
AdaptiveSmart/halfing:this_node_write,1000000,16000000,0.020,0.950,1,2798200.167,282276.749
AdaptiveSmart/halfing:global_data_read_write,1000000,16000000,0.020,0.950,1,0.000,0.000
AdaptiveSmart/halfing:same_set_requests_true,1000000,16000000,0.020,0.950,1,284947614.000,10397.968
AdaptiveSmart/halfing:same_set_requests_false,1000000,16000000,0.020,0.950,1,19052483.000,9068.802
AdaptiveSmart/halfing:union_requests,1000000,16000000,0.020,0.950,1,15999903.000,1355.066
AdaptiveSmart/squashing,1000000,16000000,0.020,0.950,1,2421214.270,604979.279
AdaptiveSmart/squashing:cross_node_read,1000000,16000000,0.020,0.950,1,38345283.667,3028021.040
AdaptiveSmart/squashing:this_node_read,1000000,16000000,0.020,0.950,1,1301187251.333,586438.874
AdaptiveSmart/squashing:cross_node_write,1000000,16000000,0.020,0.950,1,17194.333,83.715
AdaptiveSmart/squashing:this_node_read_success,1000000,16000000,0.020,0.950,1,18024690.500,382129.353
AdaptiveSmart/squashing:this_node_write,1000000,16000000,0.020,0.950,1,3084678.500,514327.896
AdaptiveSmart/squashing:global_data_read_write,1000000,16000000,0.020,0.950,1,0.000,0.000
AdaptiveSmart/squashing:same_set_requests_true,1000000,16000000,0.020,0.950,1,284923089.667,13345.608
AdaptiveSmart/squashing:same_set_requests_false,1000000,16000000,0.020,0.950,1,19077007.333,12012.289
AdaptiveSmart/squashing:union_requests,1000000,16000000,0.020,0.950,1,15999903.000,1355.066
AdaptiveSmart/halfing,1000000,64000000,0.020,0.950,1,2538609.344,486070.350
AdaptiveSmart/halfing:cross_node_read,1000000,64000000,0.020,0.950,1,73908642.000,22079365.299
AdaptiveSmart/halfing:this_node_read,1000000,64000000,0.020,0.950,1,5135985822.000,4355556.945
AdaptiveSmart/halfing:cross_node_write,1000000,64000000,0.020,0.950,1,17093.667,13.307
AdaptiveSmart/halfing:this_node_read_success,1000000,64000000,0.020,0.950,1,21372175.667,3349441.671
AdaptiveSmart/halfing:this_node_write,1000000,64000000,0.020,0.950,1,4324814.833,1446329.256
AdaptiveSmart/halfing:global_data_read_write,1000000,64000000,0.020,0.950,1,0.000,0.000
AdaptiveSmart/halfing:same_set_requests_true,1000000,64000000,0.020,0.950,1,1196852650.667,59157.159
AdaptiveSmart/halfing:same_set_requests_false,1000000,64000000,0.020,0.950,1,19149383.833,65472.643
AdaptiveSmart/halfing:union_requests,1000000,64000000,0.020,0.950,1,63997965.500,6373.847
AdaptiveSmart/squashing,1000000,64000000,0.020,0.950,1,2468031.021,648314.352
AdaptiveSmart/squashing:cross_node_read,1000000,64000000,0.020,0.950,1,78423079.333,31741286.869
AdaptiveSmart/squashing:this_node_read,1000000,64000000,0.020,0.950,1,5137295324.167,6657464.014
AdaptiveSmart/squashing:cross_node_write,1000000,64000000,0.020,0.950,1,17157.500,33.110
AdaptiveSmart/squashing:this_node_read_success,1000000,64000000,0.020,0.950,1,23377107.667,5315506.544
AdaptiveSmart/squashing:this_node_write,1000000,64000000,0.020,0.950,1,3686653.667,798120.301
AdaptiveSmart/squashing:global_data_read_write,1000000,64000000,0.020,0.950,1,0.000,0.000
AdaptiveSmart/squashing:same_set_requests_true,1000000,64000000,0.020,0.950,1,1196789801.500,136418.788
AdaptiveSmart/squashing:same_set_requests_false,1000000,64000000,0.020,0.950,1,19212233.000,142758.961
AdaptiveSmart/squashing:union_requests,1000000,64000000,0.020,0.950,1,63997965.500,6373.847
AdaptiveSmart/halfing,1000000,4000000,0.100,0.950,1,2266292.810,327944.515
AdaptiveSmart/halfing:cross_node_read,1000000,4000000,0.100,0.950,1,25870432.500,203857.835
AdaptiveSmart/halfing:this_node_read,1000000,4000000,0.100,0.950,1,338171885.333,83192.038
AdaptiveSmart/halfing:cross_node_write,1000000,4000000,0.100,0.950,1,77381.667,189.481
AdaptiveSmart/halfing:this_node_read_success,1000000,4000000,0.100,0.950,1,17660113.000,160331.193
AdaptiveSmart/halfing:this_node_write,1000000,4000000,0.100,0.950,1,2635176.000,122646.896
AdaptiveSmart/halfing:global_data_read_write,1000000,4000000,0.100,0.950,1,0.000,0.000
AdaptiveSmart/halfing:same_set_requests_true,1000000,4000000,0.100,0.950,1,56840667.500,10041.162
AdaptiveSmart/halfing:same_set_requests_false,1000000,4000000,0.100,0.950,1,19161337.500,8716.712
AdaptiveSmart/halfing:union_requests,1000000,4000000,0.100,0.950,1,3997995.000,1456.942
AdaptiveSmart/squashing,1000000,4000000,0.100,0.950,1,2190660.112,500703.042
AdaptiveSmart/squashing:cross_node_read,1000000,4000000,0.100,0.950,1,27434639.833,853383.320
AdaptiveSmart/squashing:this_node_read,1000000,4000000,0.100,0.950,1,338854430.667,201721.714
AdaptiveSmart/squashing:cross_node_write,1000000,4000000,0.100,0.950,1,78104.333,56.504
AdaptiveSmart/squashing:this_node_read_success,1000000,4000000,0.100,0.950,1,17750608.833,302158.123
AdaptiveSmart/squashing:this_node_write,1000000,4000000,0.100,0.950,1,2623953.833,179490.959
AdaptiveSmart/squashing:global_data_read_write,1000000,4000000,0.100,0.950,1,0.000,0.000
AdaptiveSmart/squashing:same_set_requests_true,1000000,4000000,0.100,0.950,1,56795036.333,9039.718
AdaptiveSmart/squashing:same_set_requests_false,1000000,4000000,0.100,0.950,1,19206968.667,7623.309
AdaptiveSmart/squashing:union_requests,1000000,4000000,0.100,0.950,1,3997995.000,1456.942
AdaptiveSmart/halfing,1000000,16000000,0.100,0.950,1,2439713.418,518264.594
AdaptiveSmart/halfing:cross_node_read,1000000,16000000,0.100,0.950,1,92737074.333,9894521.625
AdaptiveSmart/halfing:this_node_read,1000000,16000000,0.100,0.950,1,1293625756.000,2488320.237
AdaptiveSmart/halfing:cross_node_write,1000000,16000000,0.100,0.950,1,81048.167,4007.863
AdaptiveSmart/halfing:this_node_read_success,1000000,16000000,0.100,0.950,1,19967712.667,1829146.784
AdaptiveSmart/halfing:this_node_write,1000000,16000000,0.100,0.950,1,3336827.500,551481.627
AdaptiveSmart/halfing:global_data_read_write,1000000,16000000,0.100,0.950,1,0.000,0.000
AdaptiveSmart/halfing:same_set_requests_true,1000000,16000000,0.100,0.950,1,284569291.667,281201.752
AdaptiveSmart/halfing:same_set_requests_false,1000000,16000000,0.100,0.950,1,19431392.833,282008.217
AdaptiveSmart/halfing:union_requests,1000000,16000000,0.100,0.950,1,15999315.500,884.572
AdaptiveSmart/squashing,1000000,16000000,0.100,0.950,1,2314766.193,600003.023
AdaptiveSmart/squashing:cross_node_read,1000000,16000000,0.100,0.950,1,92092257.667,3005179.073
AdaptiveSmart/squashing:this_node_read,1000000,16000000,0.100,0.950,1,1295007366.667,1314101.212
AdaptiveSmart/squashing:cross_node_write,1000000,16000000,0.100,0.950,1,78323.833,107.607
AdaptiveSmart/squashing:this_node_read_success,1000000,16000000,0.100,0.950,1,20225538.500,1578788.862
AdaptiveSmart/squashing:this_node_write,1000000,16000000,0.100,0.950,1,3274517.833,483049.391
AdaptiveSmart/squashing:global_data_read_write,1000000,16000000,0.100,0.950,1,0.000,0.000
AdaptiveSmart/squashing:same_set_requests_true,1000000,16000000,0.100,0.950,1,284553655.167,257993.837
AdaptiveSmart/squashing:same_set_requests_false,1000000,16000000,0.100,0.950,1,19447029.333,258877.959
AdaptiveSmart/squashing:union_requests,1000000,16000000,0.100,0.950,1,15999315.500,884.572
AdaptiveSmart/halfing,1000000,64000000,0.100,0.950,1,2534442.355,521436.525
AdaptiveSmart/halfing:cross_node_read,1000000,64000000,0.100,0.950,1,254637271.167,27017955.020
AdaptiveSmart/halfing:this_node_read,1000000,64000000,0.100,0.950,1,5134701735.667,2035862.141
AdaptiveSmart/halfing:cross_node_write,1000000,64000000,0.100,0.950,1,79463.833,1615.408
AdaptiveSmart/halfing:this_node_read_success,1000000,64000000,0.100,0.950,1,26270170.000,875571.013
AdaptiveSmart/halfing:this_node_write,1000000,64000000,0.100,0.950,1,3060296.167,55684.648
AdaptiveSmart/halfing:global_data_read_write,1000000,64000000,0.100,0.950,1,0.000,0.000
AdaptiveSmart/halfing:same_set_requests_true,1000000,64000000,0.100,0.950,1,1196656482.833,117756.243
AdaptiveSmart/halfing:same_set_requests_false,1000000,64000000,0.100,0.950,1,19343792.667,110014.227
AdaptiveSmart/halfing:union_requests,1000000,64000000,0.100,0.950,1,63999724.500,7789.162
AdaptiveSmart/squashing,1000000,64000000,0.100,0.950,1,2397940.936,653976.993
AdaptiveSmart/squashing:cross_node_read,1000000,64000000,0.100,0.950,1,288779393.167,13727782.944
AdaptiveSmart/squashing:this_node_read,1000000,64000000,0.100,0.950,1,5131388752.167,8775345.552
AdaptiveSmart/squashing:cross_node_write,1000000,64000000,0.100,0.950,1,78466.833,125.598
AdaptiveSmart/squashing:this_node_read_success,1000000,64000000,0.100,0.950,1,23348385.333,3316069.738
AdaptiveSmart/squashing:this_node_write,1000000,64000000,0.100,0.950,1,3148118.333,150950.191
AdaptiveSmart/squashing:global_data_read_write,1000000,64000000,0.100,0.950,1,0.000,0.000
AdaptiveSmart/squashing:same_set_requests_true,1000000,64000000,0.100,0.950,1,1196536107.667,259016.356
AdaptiveSmart/squashing:same_set_requests_false,1000000,64000000,0.100,0.950,1,19464167.833,251237.501
AdaptiveSmart/squashing:union_requests,1000000,64000000,0.100,0.950,1,63999724.500,7789.162
AdaptiveSmart/halfing,1000000,4000000,0.300,0.950,1,2234373.891,307271.398
AdaptiveSmart/halfing:cross_node_read,1000000,4000000,0.300,0.950,1,46590297.333,2841113.264
AdaptiveSmart/halfing:this_node_read,1000000,4000000,0.300,0.950,1,335022811.833,2112795.186
AdaptiveSmart/halfing:cross_node_write,1000000,4000000,0.300,0.950,1,200746.833,294.811
AdaptiveSmart/halfing:this_node_read_success,1000000,4000000,0.300,0.950,1,19163272.667,828681.556
AdaptiveSmart/halfing:this_node_write,1000000,4000000,0.300,0.950,1,3047112.333,189511.711
AdaptiveSmart/halfing:global_data_read_write,1000000,4000000,0.300,0.950,1,0.000,0.000
AdaptiveSmart/halfing:same_set_requests_true,1000000,4000000,0.300,0.950,1,56608091.333,164596.920
AdaptiveSmart/halfing:same_set_requests_false,1000000,4000000,0.300,0.950,1,19391078.167,164341.140
AdaptiveSmart/halfing:union_requests,1000000,4000000,0.300,0.950,1,4000830.500,255.786
AdaptiveSmart/squashing,1000000,4000000,0.300,0.950,1,2055314.651,448658.152
AdaptiveSmart/squashing:cross_node_read,1000000,4000000,0.300,0.950,1,46556603.333,1172972.354
AdaptiveSmart/squashing:this_node_read,1000000,4000000,0.300,0.950,1,338174465.167,500286.827
AdaptiveSmart/squashing:cross_node_write,1000000,4000000,0.300,0.950,1,201768.000,545.805
AdaptiveSmart/squashing:this_node_read_success,1000000,4000000,0.300,0.950,1,19827014.833,151427.900
AdaptiveSmart/squashing:this_node_write,1000000,4000000,0.300,0.950,1,3967282.667,753197.997
AdaptiveSmart/squashing:global_data_read_write,1000000,4000000,0.300,0.950,1,0.000,0.000
AdaptiveSmart/squashing:same_set_requests_true,1000000,4000000,0.300,0.950,1,56665908.333,61286.466
AdaptiveSmart/squashing:same_set_requests_false,1000000,4000000,0.300,0.950,1,19333261.167,61030.834
AdaptiveSmart/squashing:union_requests,1000000,4000000,0.300,0.950,1,4000830.500,255.786
AdaptiveSmart/halfing,1000000,16000000,0.300,0.950,1,2446244.284,465348.263
AdaptiveSmart/halfing:cross_node_read,1000000,16000000,0.300,0.950,1,129385785.500,18180833.837
AdaptiveSmart/halfing:this_node_read,1000000,16000000,0.300,0.950,1,1285165891.667,658770.919
AdaptiveSmart/halfing:cross_node_write,1000000,16000000,0.300,0.950,1,201343.667,1388.238
AdaptiveSmart/halfing:this_node_read_success,1000000,16000000,0.300,0.950,1,24940753.500,1588683.995
AdaptiveSmart/halfing:this_node_write,1000000,16000000,0.300,0.950,1,3132695.833,25769.082
AdaptiveSmart/halfing:global_data_read_write,1000000,16000000,0.300,0.950,1,0.000,0.000
AdaptiveSmart/halfing:same_set_requests_true,1000000,16000000,0.300,0.950,1,284673950.500,16893.209
AdaptiveSmart/halfing:same_set_requests_false,1000000,16000000,0.300,0.950,1,19324653.000,15633.772
AdaptiveSmart/halfing:union_requests,1000000,16000000,0.300,0.950,1,16001396.500,1292.078
AdaptiveSmart/squashing,1000000,16000000,0.300,0.950,1,2245531.980,625062.684
AdaptiveSmart/squashing:cross_node_read,1000000,16000000,0.300,0.950,1,126014914.833,17328406.191
AdaptiveSmart/squashing:this_node_read,1000000,16000000,0.300,0.950,1,1284234067.000,1441232.395
AdaptiveSmart/squashing:cross_node_write,1000000,16000000,0.300,0.950,1,201700.667,761.091
AdaptiveSmart/squashing:this_node_read_success,1000000,16000000,0.300,0.950,1,24641197.833,2364041.818
AdaptiveSmart/squashing:this_node_write,1000000,16000000,0.300,0.950,1,3314265.500,110694.666
AdaptiveSmart/squashing:global_data_read_write,1000000,16000000,0.300,0.950,1,0.000,0.000
AdaptiveSmart/squashing:same_set_requests_true,1000000,16000000,0.300,0.950,1,284696948.833,2412.514
AdaptiveSmart/squashing:same_set_requests_false,1000000,16000000,0.300,0.950,1,19301654.667,3594.389
AdaptiveSmart/squashing:union_requests,1000000,16000000,0.300,0.950,1,16001396.500,1292.078
AdaptiveSmart/halfing,1000000,64000000,0.300,0.950,1,2580521.312,448607.642
AdaptiveSmart/halfing:cross_node_read,1000000,64000000,0.300,0.950,1,514443781.000,99701701.011
AdaptiveSmart/halfing:this_node_read,1000000,64000000,0.300,0.950,1,5079656232.333,4733974.146
AdaptiveSmart/halfing:cross_node_write,1000000,64000000,0.300,0.950,1,201044.000,246.742
AdaptiveSmart/halfing:this_node_read_success,1000000,64000000,0.300,0.950,1,25735109.333,913395.134
AdaptiveSmart/halfing:this_node_write,1000000,64000000,0.300,0.950,1,3353265.833,258934.986
AdaptiveSmart/halfing:global_data_read_write,1000000,64000000,0.300,0.950,1,0.000,0.000
AdaptiveSmart/halfing:same_set_requests_true,1000000,64000000,0.300,0.950,1,1196449188.833,327889.532
AdaptiveSmart/halfing:same_set_requests_false,1000000,64000000,0.300,0.950,1,19547197.667,320252.671
AdaptiveSmart/halfing:union_requests,1000000,64000000,0.300,0.950,1,64003613.500,7636.896
AdaptiveSmart/squashing,1000000,64000000,0.300,0.950,1,2313415.655,665554.213
AdaptiveSmart/squashing:cross_node_read,1000000,64000000,0.300,0.950,1,409445036.333,168965973.324
AdaptiveSmart/squashing:this_node_read,1000000,64000000,0.300,0.950,1,5069591436.667,4573224.196
AdaptiveSmart/squashing:cross_node_write,1000000,64000000,0.300,0.950,1,201930.833,80.643
AdaptiveSmart/squashing:this_node_read_success,1000000,64000000,0.300,0.950,1,35259762.167,11913199.774
AdaptiveSmart/squashing:this_node_write,1000000,64000000,0.300,0.950,1,4054823.333,143923.584
AdaptiveSmart/squashing:global_data_read_write,1000000,64000000,0.300,0.950,1,0.000,0.000
AdaptiveSmart/squashing:same_set_requests_true,1000000,64000000,0.300,0.950,1,1196689044.667,9319.409
AdaptiveSmart/squashing:same_set_requests_false,1000000,64000000,0.300,0.950,1,19307341.833,16735.105
AdaptiveSmart/squashing:union_requests,1000000,64000000,0.300,0.950,1,64003613.500,7636.896
